{
  "sea_level": 63,
  "disable_mob_generation": false,
  "noise_caves_enabled": true,
  "noodle_caves_enabled": true,
  "aquifers_enabled": true,
  "ore_veins_enabled": true,
  "legacy_random_source": false,
  "default_block": {
    "Name": "minecraft:deepslate",
    "Properties": {
      "axis": "y"
    }
  },
  "default_fluid": {
    "Name": "minecraft:lava",
    "Properties": {
      "level": "0"
    }
  },
  "noise": {
    "min_y": -64,
    "height": 448,
    "size_horizontal": 1,
    "size_vertical": 2,
    "sampling": {
      "xz_scale": 1,
      "y_scale": 2,
      "xz_factor": 80,
      "y_factor": 160
    },
    "bottom_slide": {
      "target": 0.1171875,
      "size": 3,
      "offset": 0
    },
    "top_slide": {
      "target": -0.078125,
      "size": 2,
      "offset": 8
    },
    "terrain_shaper": {
      "offset": {
        "coordinate": "continents",
        "points": [
          {
            "location": -1.1,
            "derivative": 0,
            "value": 0.044
          },
          {
            "location": -1.02,
            "derivative": 0,
            "value": -0.2222
          },
          {
            "location": -0.51,
            "derivative": 0,
            "value": -0.2222
          },
          {
            "location": -0.44,
            "derivative": 0,
            "value": -0.12
          },
          {
            "location": -0.18,
            "derivative": 0,
            "value": -0.12
          },
          {
            "location": -0.16,
            "derivative": 0,
            "value": {
              "coordinate": "erosion",
              "points": [
                {
                  "location": -0.85,
                  "derivative": 0,
                  "value": {
                    "coordinate": "ridges",
                    "points": [
                      {
                        "location": -1,
                        "derivative": 0.38940096,
                        "value": -0.08880186
                      },
                      {
                        "location": 1,
                        "derivative": 0.38940096,
                        "value": 0.69000006
                      }
                    ]
                  }
                },
                {
                  "location": -0.7,
                  "derivative": 0,
                  "value": {
                    "coordinate": "ridges",
                    "points": [
                      {
                        "location": -1,
                        "derivative": 0.37788022,
                        "value": -0.115760356
                      },
                      {
                        "location": 1,
                        "derivative": 0.37788022,
                        "value": 0.6400001
                      }
                    ]
                  }
                },
                {
                  "location": -0.4,
                  "derivative": 0,
                  "value": {
                    "coordinate": "ridges",
                    "points": [
                      {
                        "location": -1,
                        "derivative": 0,
                        "value": -0.2222
                      },
                      {
                        "location": -0.75,
                        "derivative": 0,
                        "value": -0.2222
                      },
                      {
                        "location": -0.65,
                        "derivative": 0,
                        "value": 0
                      },
                      {
                        "location": 0.5954547,
                        "derivative": 0,
                        "value": 2.9802322e-8
                      },
                      {
                        "location": 0.6054547,
                        "derivative": 0.2534563,
                        "value": 2.9802322e-8
                      },
                      {
                        "location": 1,
                        "derivative": 0.2534563,
                        "value": 0.100000024
                      }
                    ]
                  }
                },
                {
                  "location": -0.35,
                  "derivative": 0,
                  "value": {
                    "coordinate": "ridges",
                    "points": [
                      {
                        "location": -1,
                        "derivative": 0.5,
                        "value": -0.3
                      },
                      {
                        "location": -0.4,
                        "derivative": 0,
                        "value": 0.05
                      },
                      {
                        "location": 0,
                        "derivative": 0,
                        "value": 0.05
                      },
                      {
                        "location": 0.4,
                        "derivative": 0,
                        "value": 0.05
                      },
                      {
                        "location": 1,
                        "derivative": 0.007000001,
                        "value": 0.060000002
                      }
                    ]
                  }
                },
                {
                  "location": -0.1,
                  "derivative": 0,
                  "value": {
                    "coordinate": "ridges",
                    "points": [
                      {
                        "location": -1,
                        "derivative": 0.5,
                        "value": -0.15
                      },
                      {
                        "location": -0.4,
                        "derivative": 0,
                        "value": 0
                      },
                      {
                        "location": 0,
                        "derivative": 0,
                        "value": 0
                      },
                      {
                        "location": 0.4,
                        "derivative": 0.1,
                        "value": 0.05
                      },
                      {
                        "location": 1,
                        "derivative": 0.007000001,
                        "value": 0.060000002
                      }
                    ]
                  }
                },
                {
                  "location": 0.2,
                  "derivative": 0,
                  "value": {
                    "coordinate": "ridges",
                    "points": [
                      {
                        "location": -1,
                        "derivative": 0.5,
                        "value": -0.15
                      },
                      {
                        "location": -0.4,
                        "derivative": 0,
                        "value": 0
                      },
                      {
                        "location": 0,
                        "derivative": 0,
                        "value": 0
                      },
                      {
                        "location": 0.4,
                        "derivative": 0,
                        "value": 0
                      },
                      {
                        "location": 1,
                        "derivative": 0,
                        "value": 0
                      }
                    ]
                  }
                },
                {
                  "location": 0.7,
                  "derivative": 0,
                  "value": {
                    "coordinate": "ridges",
                    "points": [
                      {
                        "location": -1,
                        "derivative": 0,
                        "value": -0.02
                      },
                      {
                        "location": -0.4,
                        "derivative": 0,
                        "value": -0.03
                      },
                      {
                        "location": 0,
                        "derivative": 0,
                        "value": -0.03
                      },
                      {
                        "location": 0.4,
                        "derivative": 0.06,
                        "value": 0
                      },
                      {
                        "location": 1,
                        "derivative": 0,
                        "value": 0
                      }
                    ]
                  }
                }
              ]
            }
          },
          {
            "location": -0.15,
            "derivative": 0,
            "value": {
              "coordinate": "erosion",
              "points": [
                {
                  "location": -0.85,
                  "derivative": 0,
                  "value": {
                    "coordinate": "ridges",
                    "points": [
                      {
                        "location": -1,
                        "derivative": 0.38940096,
                        "value": -0.08880186
                      },
                      {
                        "location": 1,
                        "derivative": 0.38940096,
                        "value": 0.69000006
                      }
                    ]
                  }
                },
                {
                  "location": -0.7,
                  "derivative": 0,
                  "value": {
                    "coordinate": "ridges",
                    "points": [
                      {
                        "location": -1,
                        "derivative": 0.37788022,
                        "value": -0.115760356
                      },
                      {
                        "location": 1,
                        "derivative": 0.37788022,
                        "value": 0.6400001
                      }
                    ]
                  }
                },
                {
                  "location": -0.4,
                  "derivative": 0,
                  "value": {
                    "coordinate": "ridges",
                    "points": [
                      {
                        "location": -1,
                        "derivative": 0,
                        "value": -0.2222
                      },
                      {
                        "location": -0.75,
                        "derivative": 0,
                        "value": -0.2222
                      },
                      {
                        "location": -0.65,
                        "derivative": 0,
                        "value": 0
                      },
                      {
                        "location": 0.5954547,
                        "derivative": 0,
                        "value": 2.9802322e-8
                      },
                      {
                        "location": 0.6054547,
                        "derivative": 0.2534563,
                        "value": 2.9802322e-8
                      },
                      {
                        "location": 1,
                        "derivative": 0.2534563,
                        "value": 0.100000024
                      }
                    ]
                  }
                },
                {
                  "location": -0.35,
                  "derivative": 0,
                  "value": {
                    "coordinate": "ridges",
                    "points": [
                      {
                        "location": -1,
                        "derivative": 0.5,
                        "value": -0.3
                      },
                      {
                        "location": -0.4,
                        "derivative": 0,
                        "value": 0.05
                      },
                      {
                        "location": 0,
                        "derivative": 0,
                        "value": 0.05
                      },
                      {
                        "location": 0.4,
                        "derivative": 0,
                        "value": 0.05
                      },
                      {
                        "location": 1,
                        "derivative": 0.007000001,
                        "value": 0.060000002
                      }
                    ]
                  }
                },
                {
                  "location": -0.1,
                  "derivative": 0,
                  "value": {
                    "coordinate": "ridges",
                    "points": [
                      {
                        "location": -1,
                        "derivative": 0.5,
                        "value": -0.15
                      },
                      {
                        "location": -0.4,
                        "derivative": 0,
                        "value": 0
                      },
                      {
                        "location": 0,
                        "derivative": 0,
                        "value": 0
                      },
                      {
                        "location": 0.4,
                        "derivative": 0.1,
                        "value": 0.05
                      },
                      {
                        "location": 1,
                        "derivative": 0.007000001,
                        "value": 0.060000002
                      }
                    ]
                  }
                },
                {
                  "location": 0.2,
                  "derivative": 0,
                  "value": {
                    "coordinate": "ridges",
                    "points": [
                      {
                        "location": -1,
                        "derivative": 0.5,
                        "value": -0.15
                      },
                      {
                        "location": -0.4,
                        "derivative": 0,
                        "value": 0
                      },
                      {
                        "location": 0,
                        "derivative": 0,
                        "value": 0
                      },
                      {
                        "location": 0.4,
                        "derivative": 0,
                        "value": 0
                      },
                      {
                        "location": 1,
                        "derivative": 0,
                        "value": 0
                      }
                    ]
                  }
                },
                {
                  "location": 0.7,
                  "derivative": 0,
                  "value": {
                    "coordinate": "ridges",
                    "points": [
                      {
                        "location": -1,
                        "derivative": 0,
                        "value": -0.02
                      },
                      {
                        "location": -0.4,
                        "derivative": 0,
                        "value": -0.03
                      },
                      {
                        "location": 0,
                        "derivative": 0,
                        "value": -0.03
                      },
                      {
                        "location": 0.4,
                        "derivative": 0.06,
                        "value": 0
                      },
                      {
                        "location": 1,
                        "derivative": 0,
                        "value": 0
                      }
                    ]
                  }
                }
              ]
            }
          },
          {
            "location": -0.1,
            "derivative": 0,
            "value": {
              "coordinate": "erosion",
              "points": [
                {
                  "location": -0.85,
                  "derivative": 0,
                  "value": {
                    "coordinate": "ridges",
                    "points": [
                      {
                        "location": -1,
                        "derivative": 0.38940096,
                        "value": -0.08880186
                      },
                      {
                        "location": 1,
                        "derivative": 0.38940096,
                        "value": 0.69000006
                      }
                    ]
                  }
                },
                {
                  "location": -0.7,
                  "derivative": 0,
                  "value": {
                    "coordinate": "ridges",
                    "points": [
                      {
                        "location": -1,
                        "derivative": 0.37788022,
                        "value": -0.115760356
                      },
                      {
                        "location": 1,
                        "derivative": 0.37788022,
                        "value": 0.6400001
                      }
                    ]
                  }
                },
                {
                  "location": -0.4,
                  "derivative": 0,
                  "value": {
                    "coordinate": "ridges",
                    "points": [
                      {
                        "location": -1,
                        "derivative": 0,
                        "value": -0.2222
                      },
                      {
                        "location": -0.75,
                        "derivative": 0,
                        "value": -0.2222
                      },
                      {
                        "location": -0.65,
                        "derivative": 0,
                        "value": 0
                      },
                      {
                        "location": 0.5954547,
                        "derivative": 0,
                        "value": 2.9802322e-8
                      },
                      {
                        "location": 0.6054547,
                        "derivative": 0.2534563,
                        "value": 2.9802322e-8
                      },
                      {
                        "location": 1,
                        "derivative": 0.2534563,
                        "value": 0.100000024
                      }
                    ]
                  }
                },
                {
                  "location": -0.35,
                  "derivative": 0,
                  "value": {
                    "coordinate": "ridges",
                    "points": [
                      {
                        "location": -1,
                        "derivative": 0.5,
                        "value": -0.25
                      },
                      {
                        "location": -0.4,
                        "derivative": 0,
                        "value": 0.05
                      },
                      {
                        "location": 0,
                        "derivative": 0,
                        "value": 0.05
                      },
                      {
                        "location": 0.4,
                        "derivative": 0,
                        "value": 0.05
                      },
                      {
                        "location": 1,
                        "derivative": 0.007000001,
                        "value": 0.060000002
                      }
                    ]
                  }
                },
                {
                  "location": -0.1,
                  "derivative": 0,
                  "value": {
                    "coordinate": "ridges",
                    "points": [
                      {
                        "location": -1,
                        "derivative": 0.5,
                        "value": -0.1
                      },
                      {
                        "location": -0.4,
                        "derivative": 0.01,
                        "value": 0.001
                      },
                      {
                        "location": 0,
                        "derivative": 0.01,
                        "value": 0.003
                      },
                      {
                        "location": 0.4,
                        "derivative": 0.094000004,
                        "value": 0.05
                      },
                      {
                        "location": 1,
                        "derivative": 0.007000001,
                        "value": 0.060000002
                      }
                    ]
                  }
                },
                {
                  "location": 0.2,
                  "derivative": 0,
                  "value": {
                    "coordinate": "ridges",
                    "points": [
                      {
                        "location": -1,
                        "derivative": 0.5,
                        "value": -0.1
                      },
                      {
                        "location": -0.4,
                        "derivative": 0,
                        "value": 0.01
                      },
                      {
                        "location": 0,
                        "derivative": 0,
                        "value": 0.01
                      },
                      {
                        "location": 0.4,
                        "derivative": 0.04,
                        "value": 0.03
                      },
                      {
                        "location": 1,
                        "derivative": 0.049,
                        "value": 0.1
                      }
                    ]
                  }
                },
                {
                  "location": 0.7,
                  "derivative": 0,
                  "value": {
                    "coordinate": "ridges",
                    "points": [
                      {
                        "location": -1,
                        "derivative": 0,
                        "value": -0.02
                      },
                      {
                        "location": -0.4,
                        "derivative": 0,
                        "value": -0.03
                      },
                      {
                        "location": 0,
                        "derivative": 0,
                        "value": -0.03
                      },
                      {
                        "location": 0.4,
                        "derivative": 0.12,
                        "value": 0.03
                      },
                      {
                        "location": 1,
                        "derivative": 0.049,
                        "value": 0.1
                      }
                    ]
                  }
                }
              ]
            }
          },
          {
            "location": 0.25,
            "derivative": 0,
            "value": {
              "coordinate": "erosion",
              "points": [
                {
                  "location": -0.85,
                  "derivative": 0,
                  "value": {
                    "coordinate": "ridges",
                    "points": [
                      {
                        "location": -1,
                        "derivative": 0,
                        "value": 0.20235021
                      },
                      {
                        "location": 0,
                        "derivative": 0.5138249,
                        "value": 0.7161751
                      },
                      {
                        "location": 1,
                        "derivative": 0.5138249,
                        "value": 1.23
                      }
                    ]
                  }
                },
                {
                  "location": -0.7,
                  "derivative": 0,
                  "value": {
                    "coordinate": "ridges",
                    "points": [
                      {
                        "location": -1,
                        "derivative": 0,
                        "value": 0.2
                      },
                      {
                        "location": 0,
                        "derivative": 0.43317974,
                        "value": 0.44682026
                      },
                      {
                        "location": 1,
                        "derivative": 0.43317974,
                        "value": 0.88
                      }
                    ]
                  }
                },
                {
                  "location": -0.4,
                  "derivative": 0,
                  "value": {
                    "coordinate": "ridges",
                    "points": [
                      {
                        "location": -1,
                        "derivative": 0,
                        "value": 0.2
                      },
                      {
                        "location": 0,
                        "derivative": 0.3917051,
                        "value": 0.30829495
                      },
                      {
                        "location": 1,
                        "derivative": 0.3917051,
                        "value": 0.70000005
                      }
                    ]
                  }
                },
                {
                  "location": -0.35,
                  "derivative": 0,
                  "value": {
                    "coordinate": "ridges",
                    "points": [
                      {
                        "location": -1,
                        "derivative": 0.5,
                        "value": -0.25
                      },
                      {
                        "location": -0.4,
                        "derivative": 0,
                        "value": 0.35
                      },
                      {
                        "location": 0,
                        "derivative": 0,
                        "value": 0.35
                      },
                      {
                        "location": 0.4,
                        "derivative": 0,
                        "value": 0.35
                      },
                      {
                        "location": 1,
                        "derivative": 0.049000014,
                        "value": 0.42000002
                      }
                    ]
                  }
                },
                {
                  "location": -0.1,
                  "derivative": 0,
                  "value": {
                    "coordinate": "ridges",
                    "points": [
                      {
                        "location": -1,
                        "derivative": 0.5,
                        "value": -0.1
                      },
                      {
                        "location": -0.4,
                        "derivative": 0.07,
                        "value": 0.0069999998
                      },
                      {
                        "location": 0,
                        "derivative": 0.07,
                        "value": 0.021
                      },
                      {
                        "location": 0.4,
                        "derivative": 0.658,
                        "value": 0.35
                      },
                      {
                        "location": 1,
                        "derivative": 0.049000014,
                        "value": 0.42000002
                      }
                    ]
                  }
                },
                {
                  "location": 0.2,
                  "derivative": 0,
                  "value": {
                    "coordinate": "ridges",
                    "points": [
                      {
                        "location": -1,
                        "derivative": 0.5,
                        "value": -0.1
                      },
                      {
                        "location": -0.4,
                        "derivative": 0,
                        "value": 0.01
                      },
                      {
                        "location": 0,
                        "derivative": 0,
                        "value": 0.01
                      },
                      {
                        "location": 0.4,
                        "derivative": 0.04,
                        "value": 0.03
                      },
                      {
                        "location": 1,
                        "derivative": 0.049,
                        "value": 0.1
                      }
                    ]
                  }
                },
                {
                  "location": 0.4,
                  "derivative": 0,
                  "value": {
                    "coordinate": "ridges",
                    "points": [
                      {
                        "location": -1,
                        "derivative": 0.5,
                        "value": -0.1
                      },
                      {
                        "location": -0.4,
                        "derivative": 0,
                        "value": 0.01
                      },
                      {
                        "location": 0,
                        "derivative": 0,
                        "value": 0.01
                      },
                      {
                        "location": 0.4,
                        "derivative": 0.04,
                        "value": 0.03
                      },
                      {
                        "location": 1,
                        "derivative": 0.049,
                        "value": 0.1
                      }
                    ]
                  }
                },
                {
                  "location": 0.45,
                  "derivative": 0,
                  "value": {
                    "coordinate": "ridges",
                    "points": [
                      {
                        "location": -1,
                        "derivative": 0,
                        "value": -0.1
                      },
                      {
                        "location": -0.4,
                        "derivative": 0,
                        "value": {
                          "coordinate": "ridges",
                          "points": [
                            {
                              "location": -1,
                              "derivative": 0.5,
                              "value": -0.1
                            },
                            {
                              "location": -0.4,
                              "derivative": 0,
                              "value": 0.01
                            },
                            {
                              "location": 0,
                              "derivative": 0,
                              "value": 0.01
                            },
                            {
                              "location": 0.4,
                              "derivative": 0.04,
                              "value": 0.03
                            },
                            {
                              "location": 1,
                              "derivative": 0.049,
                              "value": 0.1
                            }
                          ]
                        }
                      },
                      {
                        "location": 0,
                        "derivative": 0,
                        "value": 0.17
                      }
                    ]
                  }
                },
                {
                  "location": 0.55,
                  "derivative": 0,
                  "value": {
                    "coordinate": "ridges",
                    "points": [
                      {
                        "location": -1,
                        "derivative": 0,
                        "value": -0.1
                      },
                      {
                        "location": -0.4,
                        "derivative": 0,
                        "value": {
                          "coordinate": "ridges",
                          "points": [
                            {
                              "location": -1,
                              "derivative": 0.5,
                              "value": -0.1
                            },
                            {
                              "location": -0.4,
                              "derivative": 0,
                              "value": 0.01
                            },
                            {
                              "location": 0,
                              "derivative": 0,
                              "value": 0.01
                            },
                            {
                              "location": 0.4,
                              "derivative": 0.04,
                              "value": 0.03
                            },
                            {
                              "location": 1,
                              "derivative": 0.049,
                              "value": 0.1
                            }
                          ]
                        }
                      },
                      {
                        "location": 0,
                        "derivative": 0,
                        "value": 0.17
                      }
                    ]
                  }
                },
                {
                  "location": 0.58,
                  "derivative": 0,
                  "value": {
                    "coordinate": "ridges",
                    "points": [
                      {
                        "location": -1,
                        "derivative": 0.5,
                        "value": -0.1
                      },
                      {
                        "location": -0.4,
                        "derivative": 0,
                        "value": 0.01
                      },
                      {
                        "location": 0,
                        "derivative": 0,
                        "value": 0.01
                      },
                      {
                        "location": 0.4,
                        "derivative": 0.04,
                        "value": 0.03
                      },
                      {
                        "location": 1,
                        "derivative": 0.049,
                        "value": 0.1
                      }
                    ]
                  }
                },
                {
                  "location": 0.7,
                  "derivative": 0,
                  "value": {
                    "coordinate": "ridges",
                    "points": [
                      {
                        "location": -1,
                        "derivative": 0,
                        "value": -0.02
                      },
                      {
                        "location": -0.4,
                        "derivative": 0,
                        "value": -0.03
                      },
                      {
                        "location": 0,
                        "derivative": 0,
                        "value": -0.03
                      },
                      {
                        "location": 0.4,
                        "derivative": 0.12,
                        "value": 0.03
                      },
                      {
                        "location": 1,
                        "derivative": 0.049,
                        "value": 0.1
                      }
                    ]
                  }
                }
              ]
            }
          },
          {
            "location": 1,
            "derivative": 0,
            "value": {
              "coordinate": "erosion",
              "points": [
                {
                  "location": -0.85,
                  "derivative": 0,
                  "value": {
                    "coordinate": "ridges",
                    "points": [
                      {
                        "location": -1,
                        "derivative": 0,
                        "value": 0.34792626
                      },
                      {
                        "location": 0,
                        "derivative": 0.5760369,
                        "value": 0.9239631
                      },
                      {
                        "location": 1,
                        "derivative": 0.5760369,
                        "value": 1.5
                      }
                    ]
                  }
                },
                {
                  "location": -0.7,
                  "derivative": 0,
                  "value": {
                    "coordinate": "ridges",
                    "points": [
                      {
                        "location": -1,
                        "derivative": 0,
                        "value": 0.2
                      },
                      {
                        "location": 0,
                        "derivative": 0.4608295,
                        "value": 0.5391705
                      },
                      {
                        "location": 1,
                        "derivative": 0.4608295,
                        "value": 1
                      }
                    ]
                  }
                },
                {
                  "location": -0.4,
                  "derivative": 0,
                  "value": {
                    "coordinate": "ridges",
                    "points": [
                      {
                        "location": -1,
                        "derivative": 0,
                        "value": 0.2
                      },
                      {
                        "location": 0,
                        "derivative": 0.4608295,
                        "value": 0.5391705
                      },
                      {
                        "location": 1,
                        "derivative": 0.4608295,
                        "value": 1
                      }
                    ]
                  }
                },
                {
                  "location": -0.35,
                  "derivative": 0,
                  "value": {
                    "coordinate": "ridges",
                    "points": [
                      {
                        "location": -1,
                        "derivative": 0.5,
                        "value": -0.2
                      },
                      {
                        "location": -0.4,
                        "derivative": 0,
                        "value": 0.5
                      },
                      {
                        "location": 0,
                        "derivative": 0,
                        "value": 0.5
                      },
                      {
                        "location": 0.4,
                        "derivative": 0,
                        "value": 0.5
                      },
                      {
                        "location": 1,
                        "derivative": 0.070000015,
                        "value": 0.6
                      }
                    ]
                  }
                },
                {
                  "location": -0.1,
                  "derivative": 0,
                  "value": {
                    "coordinate": "ridges",
                    "points": [
                      {
                        "location": -1,
                        "derivative": 0.5,
                        "value": -0.05
                      },
                      {
                        "location": -0.4,
                        "derivative": 0.099999994,
                        "value": 0.01
                      },
                      {
                        "location": 0,
                        "derivative": 0.099999994,
                        "value": 0.03
                      },
                      {
                        "location": 0.4,
                        "derivative": 0.94,
                        "value": 0.5
                      },
                      {
                        "location": 1,
                        "derivative": 0.070000015,
                        "value": 0.6
                      }
                    ]
                  }
                },
                {
                  "location": 0.2,
                  "derivative": 0,
                  "value": {
                    "coordinate": "ridges",
                    "points": [
                      {
                        "location": -1,
                        "derivative": 0.5,
                        "value": -0.05
                      },
                      {
                        "location": -0.4,
                        "derivative": 0,
                        "value": 0.01
                      },
                      {
                        "location": 0,
                        "derivative": 0,
                        "value": 0.01
                      },
                      {
                        "location": 0.4,
                        "derivative": 0.04,
                        "value": 0.03
                      },
                      {
                        "location": 1,
                        "derivative": 0.049,
                        "value": 0.1
                      }
                    ]
                  }
                },
                {
                  "location": 0.4,
                  "derivative": 0,
                  "value": {
                    "coordinate": "ridges",
                    "points": [
                      {
                        "location": -1,
                        "derivative": 0.5,
                        "value": -0.05
                      },
                      {
                        "location": -0.4,
                        "derivative": 0,
                        "value": 0.01
                      },
                      {
                        "location": 0,
                        "derivative": 0,
                        "value": 0.01
                      },
                      {
                        "location": 0.4,
                        "derivative": 0.04,
                        "value": 0.03
                      },
                      {
                        "location": 1,
                        "derivative": 0.049,
                        "value": 0.1
                      }
                    ]
                  }
                },
                {
                  "location": 0.45,
                  "derivative": 0,
                  "value": {
                    "coordinate": "ridges",
                    "points": [
                      {
                        "location": -1,
                        "derivative": 0,
                        "value": -0.05
                      },
                      {
                        "location": -0.4,
                        "derivative": 0,
                        "value": {
                          "coordinate": "ridges",
                          "points": [
                            {
                              "location": -1,
                              "derivative": 0.5,
                              "value": -0.05
                            },
                            {
                              "location": -0.4,
                              "derivative": 0,
                              "value": 0.01
                            },
                            {
                              "location": 0,
                              "derivative": 0,
                              "value": 0.01
                            },
                            {
                              "location": 0.4,
                              "derivative": 0.04,
                              "value": 0.03
                            },
                            {
                              "location": 1,
                              "derivative": 0.049,
                              "value": 0.1
                            }
                          ]
                        }
                      },
                      {
                        "location": 0,
                        "derivative": 0,
                        "value": 0.17
                      }
                    ]
                  }
                },
                {
                  "location": 0.55,
                  "derivative": 0,
                  "value": {
                    "coordinate": "ridges",
                    "points": [
                      {
                        "location": -1,
                        "derivative": 0,
                        "value": -0.05
                      },
                      {
                        "location": -0.4,
                        "derivative": 0,
                        "value": {
                          "coordinate": "ridges",
                          "points": [
                            {
                              "location": -1,
                              "derivative": 0.5,
                              "value": -0.05
                            },
                            {
                              "location": -0.4,
                              "derivative": 0,
                              "value": 0.01
                            },
                            {
                              "location": 0,
                              "derivative": 0,
                              "value": 0.01
                            },
                            {
                              "location": 0.4,
                              "derivative": 0.04,
                              "value": 0.03
                            },
                            {
                              "location": 1,
                              "derivative": 0.049,
                              "value": 0.1
                            }
                          ]
                        }
                      },
                      {
                        "location": 0,
                        "derivative": 0,
                        "value": 0.17
                      }
                    ]
                  }
                },
                {
                  "location": 0.58,
                  "derivative": 0,
                  "value": {
                    "coordinate": "ridges",
                    "points": [
                      {
                        "location": -1,
                        "derivative": 0.5,
                        "value": -0.05
                      },
                      {
                        "location": -0.4,
                        "derivative": 0,
                        "value": 0.01
                      },
                      {
                        "location": 0,
                        "derivative": 0,
                        "value": 0.01
                      },
                      {
                        "location": 0.4,
                        "derivative": 0.04,
                        "value": 0.03
                      },
                      {
                        "location": 1,
                        "derivative": 0.049,
                        "value": 0.1
                      }
                    ]
                  }
                },
                {
                  "location": 0.7,
                  "derivative": 0,
                  "value": {
                    "coordinate": "ridges",
                    "points": [
                      {
                        "location": -1,
                        "derivative": 0.015,
                        "value": -0.02
                      },
                      {
                        "location": -0.4,
                        "derivative": 0,
                        "value": 0.01
                      },
                      {
                        "location": 0,
                        "derivative": 0,
                        "value": 0.01
                      },
                      {
                        "location": 0.4,
                        "derivative": 0.04,
                        "value": 0.03
                      },
                      {
                        "location": 1,
                        "derivative": 0.049,
                        "value": 0.1
                      }
                    ]
                  }
                }
              ]
            }
          }
        ]
      },
      "factor": {
        "coordinate": "continents",
        "points": [
          {
            "location": -0.19,
            "derivative": 0,
            "value": 3.95
          },
          {
            "location": -0.15,
            "derivative": 0,
            "value": {
              "coordinate": "erosion",
              "points": [
                {
                  "location": -0.6,
                  "derivative": 0,
                  "value": {
                    "coordinate": "weirdness",
                    "points": [
                      {
                        "location": -0.2,
                        "derivative": 0,
                        "value": 6.3
                      },
                      {
                        "location": 0.2,
                        "derivative": 0,
                        "value": 6.25
                      }
                    ]
                  }
                },
                {
                  "location": -0.5,
                  "derivative": 0,
                  "value": {
                    "coordinate": "weirdness",
                    "points": [
                      {
                        "location": -0.05,
                        "derivative": 0,
                        "value": 6.3
                      },
                      {
                        "location": 0.05,
                        "derivative": 0,
                        "value": 2.67
                      }
                    ]
                  }
                },
                {
                  "location": -0.35,
                  "derivative": 0,
                  "value": {
                    "coordinate": "weirdness",
                    "points": [
                      {
                        "location": -0.2,
                        "derivative": 0,
                        "value": 6.3
                      },
                      {
                        "location": 0.2,
                        "derivative": 0,
                        "value": 6.25
                      }
                    ]
                  }
                },
                {
                  "location": -0.25,
                  "derivative": 0,
                  "value": {
                    "coordinate": "weirdness",
                    "points": [
                      {
                        "location": -0.2,
                        "derivative": 0,
                        "value": 6.3
                      },
                      {
                        "location": 0.2,
                        "derivative": 0,
                        "value": 6.25
                      }
                    ]
                  }
                },
                {
                  "location": -0.1,
                  "derivative": 0,
                  "value": {
                    "coordinate": "weirdness",
                    "points": [
                      {
                        "location": -0.05,
                        "derivative": 0,
                        "value": 2.67
                      },
                      {
                        "location": 0.05,
                        "derivative": 0,
                        "value": 6.3
                      }
                    ]
                  }
                },
                {
                  "location": 0.03,
                  "derivative": 0,
                  "value": {
                    "coordinate": "weirdness",
                    "points": [
                      {
                        "location": -0.2,
                        "derivative": 0,
                        "value": 6.3
                      },
                      {
                        "location": 0.2,
                        "derivative": 0,
                        "value": 6.25
                      }
                    ]
                  }
                },
                {
                  "location": 0.35,
                  "derivative": 0,
                  "value": 6.25
                },
                {
                  "location": 0.45,
                  "derivative": 0,
                  "value": {
                    "coordinate": "ridges",
                    "points": [
                      {
                        "location": -0.9,
                        "derivative": 0,
                        "value": 6.25
                      },
                      {
                        "location": -0.69,
                        "derivative": 0,
                        "value": {
                          "coordinate": "weirdness",
                          "points": [
                            {
                              "location": 0,
                              "derivative": 0,
                              "value": 6.25
                            },
                            {
                              "location": 0.1,
                              "derivative": 0,
                              "value": 0.625
                            }
                          ]
                        }
                      }
                    ]
                  }
                },
                {
                  "location": 0.55,
                  "derivative": 0,
                  "value": {
                    "coordinate": "ridges",
                    "points": [
                      {
                        "location": -0.9,
                        "derivative": 0,
                        "value": 6.25
                      },
                      {
                        "location": -0.69,
                        "derivative": 0,
                        "value": {
                          "coordinate": "weirdness",
                          "points": [
                            {
                              "location": 0,
                              "derivative": 0,
                              "value": 6.25
                            },
                            {
                              "location": 0.1,
                              "derivative": 0,
                              "value": 0.625
                            }
                          ]
                        }
                      }
                    ]
                  }
                },
                {
                  "location": 0.62,
                  "derivative": 0,
                  "value": 6.25
                }
              ]
            }
          },
          {
            "location": -0.1,
            "derivative": 0,
            "value": {
              "coordinate": "erosion",
              "points": [
                {
                  "location": -0.6,
                  "derivative": 0,
                  "value": {
                    "coordinate": "weirdness",
                    "points": [
                      {
                        "location": -0.2,
                        "derivative": 0,
                        "value": 6.3
                      },
                      {
                        "location": 0.2,
                        "derivative": 0,
                        "value": 5.47
                      }
                    ]
                  }
                },
                {
                  "location": -0.5,
                  "derivative": 0,
                  "value": {
                    "coordinate": "weirdness",
                    "points": [
                      {
                        "location": -0.05,
                        "derivative": 0,
                        "value": 6.3
                      },
                      {
                        "location": 0.05,
                        "derivative": 0,
                        "value": 2.67
                      }
                    ]
                  }
                },
                {
                  "location": -0.35,
                  "derivative": 0,
                  "value": {
                    "coordinate": "weirdness",
                    "points": [
                      {
                        "location": -0.2,
                        "derivative": 0,
                        "value": 6.3
                      },
                      {
                        "location": 0.2,
                        "derivative": 0,
                        "value": 5.47
                      }
                    ]
                  }
                },
                {
                  "location": -0.25,
                  "derivative": 0,
                  "value": {
                    "coordinate": "weirdness",
                    "points": [
                      {
                        "location": -0.2,
                        "derivative": 0,
                        "value": 6.3
                      },
                      {
                        "location": 0.2,
                        "derivative": 0,
                        "value": 5.47
                      }
                    ]
                  }
                },
                {
                  "location": -0.1,
                  "derivative": 0,
                  "value": {
                    "coordinate": "weirdness",
                    "points": [
                      {
                        "location": -0.05,
                        "derivative": 0,
                        "value": 2.67
                      },
                      {
                        "location": 0.05,
                        "derivative": 0,
                        "value": 6.3
                      }
                    ]
                  }
                },
                {
                  "location": 0.03,
                  "derivative": 0,
                  "value": {
                    "coordinate": "weirdness",
                    "points": [
                      {
                        "location": -0.2,
                        "derivative": 0,
                        "value": 6.3
                      },
                      {
                        "location": 0.2,
                        "derivative": 0,
                        "value": 5.47
                      }
                    ]
                  }
                },
                {
                  "location": 0.35,
                  "derivative": 0,
                  "value": 5.47
                },
                {
                  "location": 0.45,
                  "derivative": 0,
                  "value": {
                    "coordinate": "ridges",
                    "points": [
                      {
                        "location": -0.9,
                        "derivative": 0,
                        "value": 5.47
                      },
                      {
                        "location": -0.69,
                        "derivative": 0,
                        "value": {
                          "coordinate": "weirdness",
                          "points": [
                            {
                              "location": 0,
                              "derivative": 0,
                              "value": 5.47
                            },
                            {
                              "location": 0.1,
                              "derivative": 0,
                              "value": 0.625
                            }
                          ]
                        }
                      }
                    ]
                  }
                },
                {
                  "location": 0.55,
                  "derivative": 0,
                  "value": {
                    "coordinate": "ridges",
                    "points": [
                      {
                        "location": -0.9,
                        "derivative": 0,
                        "value": 5.47
                      },
                      {
                        "location": -0.69,
                        "derivative": 0,
                        "value": {
                          "coordinate": "weirdness",
                          "points": [
                            {
                              "location": 0,
                              "derivative": 0,
                              "value": 5.47
                            },
                            {
                              "location": 0.1,
                              "derivative": 0,
                              "value": 0.625
                            }
                          ]
                        }
                      }
                    ]
                  }
                },
                {
                  "location": 0.62,
                  "derivative": 0,
                  "value": 5.47
                }
              ]
            }
          },
          {
            "location": 0.03,
            "derivative": 0,
            "value": {
              "coordinate": "erosion",
              "points": [
                {
                  "location": -0.6,
                  "derivative": 0,
                  "value": {
                    "coordinate": "weirdness",
                    "points": [
                      {
                        "location": -0.2,
                        "derivative": 0,
                        "value": 6.3
                      },
                      {
                        "location": 0.2,
                        "derivative": 0,
                        "value": 5.08
                      }
                    ]
                  }
                },
                {
                  "location": -0.5,
                  "derivative": 0,
                  "value": {
                    "coordinate": "weirdness",
                    "points": [
                      {
                        "location": -0.05,
                        "derivative": 0,
                        "value": 6.3
                      },
                      {
                        "location": 0.05,
                        "derivative": 0,
                        "value": 2.67
                      }
                    ]
                  }
                },
                {
                  "location": -0.35,
                  "derivative": 0,
                  "value": {
                    "coordinate": "weirdness",
                    "points": [
                      {
                        "location": -0.2,
                        "derivative": 0,
                        "value": 6.3
                      },
                      {
                        "location": 0.2,
                        "derivative": 0,
                        "value": 5.08
                      }
                    ]
                  }
                },
                {
                  "location": -0.25,
                  "derivative": 0,
                  "value": {
                    "coordinate": "weirdness",
                    "points": [
                      {
                        "location": -0.2,
                        "derivative": 0,
                        "value": 6.3
                      },
                      {
                        "location": 0.2,
                        "derivative": 0,
                        "value": 5.08
                      }
                    ]
                  }
                },
                {
                  "location": -0.1,
                  "derivative": 0,
                  "value": {
                    "coordinate": "weirdness",
                    "points": [
                      {
                        "location": -0.05,
                        "derivative": 0,
                        "value": 2.67
                      },
                      {
                        "location": 0.05,
                        "derivative": 0,
                        "value": 6.3
                      }
                    ]
                  }
                },
                {
                  "location": 0.03,
                  "derivative": 0,
                  "value": {
                    "coordinate": "weirdness",
                    "points": [
                      {
                        "location": -0.2,
                        "derivative": 0,
                        "value": 6.3
                      },
                      {
                        "location": 0.2,
                        "derivative": 0,
                        "value": 5.08
                      }
                    ]
                  }
                },
                {
                  "location": 0.35,
                  "derivative": 0,
                  "value": 5.08
                },
                {
                  "location": 0.45,
                  "derivative": 0,
                  "value": {
                    "coordinate": "ridges",
                    "points": [
                      {
                        "location": -0.9,
                        "derivative": 0,
                        "value": 5.08
                      },
                      {
                        "location": -0.69,
                        "derivative": 0,
                        "value": {
                          "coordinate": "weirdness",
                          "points": [
                            {
                              "location": 0,
                              "derivative": 0,
                              "value": 5.08
                            },
                            {
                              "location": 0.1,
                              "derivative": 0,
                              "value": 0.625
                            }
                          ]
                        }
                      }
                    ]
                  }
                },
                {
                  "location": 0.55,
                  "derivative": 0,
                  "value": {
                    "coordinate": "ridges",
                    "points": [
                      {
                        "location": -0.9,
                        "derivative": 0,
                        "value": 5.08
                      },
                      {
                        "location": -0.69,
                        "derivative": 0,
                        "value": {
                          "coordinate": "weirdness",
                          "points": [
                            {
                              "location": 0,
                              "derivative": 0,
                              "value": 5.08
                            },
                            {
                              "location": 0.1,
                              "derivative": 0,
                              "value": 0.625
                            }
                          ]
                        }
                      }
                    ]
                  }
                },
                {
                  "location": 0.62,
                  "derivative": 0,
                  "value": 5.08
                }
              ]
            }
          },
          {
            "location": 0.06,
            "derivative": 0,
            "value": {
              "coordinate": "erosion",
              "points": [
                {
                  "location": -0.6,
                  "derivative": 0,
                  "value": {
                    "coordinate": "weirdness",
                    "points": [
                      {
                        "location": -0.2,
                        "derivative": 0,
                        "value": 6.3
                      },
                      {
                        "location": 0.2,
                        "derivative": 0,
                        "value": 4.69
                      }
                    ]
                  }
                },
                {
                  "location": -0.5,
                  "derivative": 0,
                  "value": {
                    "coordinate": "weirdness",
                    "points": [
                      {
                        "location": -0.05,
                        "derivative": 0,
                        "value": 6.3
                      },
                      {
                        "location": 0.05,
                        "derivative": 0,
                        "value": 2.67
                      }
                    ]
                  }
                },
                {
                  "location": -0.35,
                  "derivative": 0,
                  "value": {
                    "coordinate": "weirdness",
                    "points": [
                      {
                        "location": -0.2,
                        "derivative": 0,
                        "value": 6.3
                      },
                      {
                        "location": 0.2,
                        "derivative": 0,
                        "value": 4.69
                      }
                    ]
                  }
                },
                {
                  "location": -0.25,
                  "derivative": 0,
                  "value": {
                    "coordinate": "weirdness",
                    "points": [
                      {
                        "location": -0.2,
                        "derivative": 0,
                        "value": 6.3
                      },
                      {
                        "location": 0.2,
                        "derivative": 0,
                        "value": 4.69
                      }
                    ]
                  }
                },
                {
                  "location": -0.1,
                  "derivative": 0,
                  "value": {
                    "coordinate": "weirdness",
                    "points": [
                      {
                        "location": -0.05,
                        "derivative": 0,
                        "value": 2.67
                      },
                      {
                        "location": 0.05,
                        "derivative": 0,
                        "value": 6.3
                      }
                    ]
                  }
                },
                {
                  "location": 0.03,
                  "derivative": 0,
                  "value": {
                    "coordinate": "weirdness",
                    "points": [
                      {
                        "location": -0.2,
                        "derivative": 0,
                        "value": 6.3
                      },
                      {
                        "location": 0.2,
                        "derivative": 0,
                        "value": 4.69
                      }
                    ]
                  }
                },
                {
                  "location": 0.05,
                  "derivative": 0,
                  "value": {
                    "coordinate": "ridges",
                    "points": [
                      {
                        "location": 0.45,
                        "derivative": 0,
                        "value": {
                          "coordinate": "weirdness",
                          "points": [
                            {
                              "location": -0.2,
                              "derivative": 0,
                              "value": 6.3
                            },
                            {
                              "location": 0.2,
                              "derivative": 0,
                              "value": 4.69
                            }
                          ]
                        }
                      },
                      {
                        "location": 0.7,
                        "derivative": 0,
                        "value": 1.56
                      }
                    ]
                  }
                },
                {
                  "location": 0.4,
                  "derivative": 0,
                  "value": {
                    "coordinate": "ridges",
                    "points": [
                      {
                        "location": 0.45,
                        "derivative": 0,
                        "value": {
                          "coordinate": "weirdness",
                          "points": [
                            {
                              "location": -0.2,
                              "derivative": 0,
                              "value": 6.3
                            },
                            {
                              "location": 0.2,
                              "derivative": 0,
                              "value": 4.69
                            }
                          ]
                        }
                      },
                      {
                        "location": 0.7,
                        "derivative": 0,
                        "value": 1.56
                      }
                    ]
                  }
                },
                {
                  "location": 0.45,
                  "derivative": 0,
                  "value": {
                    "coordinate": "ridges",
                    "points": [
                      {
                        "location": -0.7,
                        "derivative": 0,
                        "value": {
                          "coordinate": "weirdness",
                          "points": [
                            {
                              "location": -0.2,
                              "derivative": 0,
                              "value": 6.3
                            },
                            {
                              "location": 0.2,
                              "derivative": 0,
                              "value": 4.69
                            }
                          ]
                        }
                      },
                      {
                        "location": -0.15,
                        "derivative": 0,
                        "value": 1.37
                      }
                    ]
                  }
                },
                {
                  "location": 0.55,
                  "derivative": 0,
                  "value": {
                    "coordinate": "ridges",
                    "points": [
                      {
                        "location": -0.7,
                        "derivative": 0,
                        "value": {
                          "coordinate": "weirdness",
                          "points": [
                            {
                              "location": -0.2,
                              "derivative": 0,
                              "value": 6.3
                            },
                            {
                              "location": 0.2,
                              "derivative": 0,
                              "value": 4.69
                            }
                          ]
                        }
                      },
                      {
                        "location": -0.15,
                        "derivative": 0,
                        "value": 1.37
                      }
                    ]
                  }
                },
                {
                  "location": 0.58,
                  "derivative": 0,
                  "value": 4.69
                }
              ]
            }
          }
        ]
      },
      "jaggedness": {
        "coordinate": "continents",
        "points": [
          {
            "location": -0.11,
            "derivative": 0,
            "value": 0
          },
          {
            "location": 0.03,
            "derivative": 0,
            "value": {
              "coordinate": "erosion",
              "points": [
                {
                  "location": -1,
                  "derivative": 0,
                  "value": {
                    "coordinate": "ridges",
                    "points": [
                      {
                        "location": 0.19999999,
                        "derivative": 0,
                        "value": 0
                      },
                      {
                        "location": 0.44999996,
                        "derivative": 0,
                        "value": 0
                      },
                      {
                        "location": 1,
                        "derivative": 0,
                        "value": {
                          "coordinate": "weirdness",
                          "points": [
                            {
                              "location": -0.01,
                              "derivative": 0,
                              "value": 0.63
                            },
                            {
                              "location": 0.01,
                              "derivative": 0,
                              "value": 0.3
                            }
                          ]
                        }
                      }
                    ]
                  }
                },
                {
                  "location": -0.78,
                  "derivative": 0,
                  "value": {
                    "coordinate": "ridges",
                    "points": [
                      {
                        "location": 0.19999999,
                        "derivative": 0,
                        "value": 0
                      },
                      {
                        "location": 0.44999996,
                        "derivative": 0,
                        "value": 0
                      },
                      {
                        "location": 1,
                        "derivative": 0,
                        "value": {
                          "coordinate": "weirdness",
                          "points": [
                            {
                              "location": -0.01,
                              "derivative": 0,
                              "value": 0.315
                            },
                            {
                              "location": 0.01,
                              "derivative": 0,
                              "value": 0.15
                            }
                          ]
                        }
                      }
                    ]
                  }
                },
                {
                  "location": -0.5775,
                  "derivative": 0,
                  "value": {
                    "coordinate": "ridges",
                    "points": [
                      {
                        "location": 0.19999999,
                        "derivative": 0,
                        "value": 0
                      },
                      {
                        "location": 0.44999996,
                        "derivative": 0,
                        "value": 0
                      },
                      {
                        "location": 1,
                        "derivative": 0,
                        "value": {
                          "coordinate": "weirdness",
                          "points": [
                            {
                              "location": -0.01,
                              "derivative": 0,
                              "value": 0.315
                            },
                            {
                              "location": 0.01,
                              "derivative": 0,
                              "value": 0.15
                            }
                          ]
                        }
                      }
                    ]
                  }
                },
                {
                  "location": -0.375,
                  "derivative": 0,
                  "value": 0
                }
              ]
            }
          },
          {
            "location": 0.65,
            "derivative": 0,
            "value": {
              "coordinate": "erosion",
              "points": [
                {
                  "location": -1,
                  "derivative": 0,
                  "value": {
                    "coordinate": "ridges",
                    "points": [
                      {
                        "location": 0.19999999,
                        "derivative": 0,
                        "value": 0
                      },
                      {
                        "location": 0.44999996,
                        "derivative": 0,
                        "value": {
                          "coordinate": "weirdness",
                          "points": [
                            {
                              "location": -0.01,
                              "derivative": 0,
                              "value": 0.63
                            },
                            {
                              "location": 0.01,
                              "derivative": 0,
                              "value": 0.3
                            }
                          ]
                        }
                      },
                      {
                        "location": 1,
                        "derivative": 0,
                        "value": {
                          "coordinate": "weirdness",
                          "points": [
                            {
                              "location": -0.01,
                              "derivative": 0,
                              "value": 0.63
                            },
                            {
                              "location": 0.01,
                              "derivative": 0,
                              "value": 0.3
                            }
                          ]
                        }
                      }
                    ]
                  }
                },
                {
                  "location": -0.78,
                  "derivative": 0,
                  "value": {
                    "coordinate": "ridges",
                    "points": [
                      {
                        "location": 0.19999999,
                        "derivative": 0,
                        "value": 0
                      },
                      {
                        "location": 0.44999996,
                        "derivative": 0,
                        "value": 0
                      },
                      {
                        "location": 1,
                        "derivative": 0,
                        "value": {
                          "coordinate": "weirdness",
                          "points": [
                            {
                              "location": -0.01,
                              "derivative": 0,
                              "value": 0.63
                            },
                            {
                              "location": 0.01,
                              "derivative": 0,
                              "value": 0.3
                            }
                          ]
                        }
                      }
                    ]
                  }
                },
                {
                  "location": -0.5775,
                  "derivative": 0,
                  "value": {
                    "coordinate": "ridges",
                    "points": [
                      {
                        "location": 0.19999999,
                        "derivative": 0,
                        "value": 0
                      },
                      {
                        "location": 0.44999996,
                        "derivative": 0,
                        "value": 0
                      },
                      {
                        "location": 1,
                        "derivative": 0,
                        "value": {
                          "coordinate": "weirdness",
                          "points": [
                            {
                              "location": -0.01,
                              "derivative": 0,
                              "value": 0.63
                            },
                            {
                              "location": 0.01,
                              "derivative": 0,
                              "value": 0.3
                            }
                          ]
                        }
                      }
                    ]
                  }
                },
                {
                  "location": -0.375,
                  "derivative": 0,
                  "value": 0
                }
              ]
            }
          }
        ]
      }
    }
  },
  "surface_rule": {
    "type": "minecraft:sequence",
    "sequence": [
      {
        "type": "minecraft:condition",
        "if_true": {
          "type": "minecraft:vertical_gradient",
          "random_name": "minecraft:bedrock_floor",
          "true_at_and_below": {
            "above_bottom": 0
          },
          "false_at_and_above": {
            "above_bottom": 5
          }
        },
        "then_run": {
          "type": "minecraft:block",
          "result_state": {
            "Name": "minecraft:bedrock"
          }
        }
      },
      {
        "type": "minecraft:condition",
        "if_true": {
          "type": "minecraft:vertical_gradient",
          "random_name": "minecraft:deepslate",
          "true_at_and_below": {
            "absolute": 0
          },
          "false_at_and_above": {
            "absolute": 8
          }
        },
        "then_run": {
          "type": "minecraft:block",
          "result_state": {
            "Name": "minecraft:blackstone"
          }
        }
      },
      {
        "type": "minecraft:condition",
        "if_true": {
          "type": "minecraft:above_preliminary_surface"
        },
        "then_run": {
          "type": "minecraft:condition",
          "if_true": {
            "type": "minecraft:stone_depth",
            "offset": 0,
            "surface_type": "floor",
            "add_surface_depth": false,
            "add_surface_secondary_depth": false
          },
          "then_run": {
            "type": "minecraft:sequence",
            "sequence": [
              {
                "type": "minecraft:condition",
                "if_true": {
                  "type": "minecraft:y_above",
                  "anchor": {
                    "absolute": 128
                  },
                  "surface_depth_multiplier": 2,
                  "add_stone_depth": false
                },
                "then_run": {
                  "type": "minecraft:block",
                  "result_state": {
                    "Name": "minecraft:light_gray_concrete_powder"
                  }
                }
              },
              {
                "type": "minecraft:condition",
                "if_true": {
                  "type": "minecraft:y_above",
                  "anchor": {
                    "absolute": 63
                  },
                  "surface_depth_multiplier": 2,
                  "add_stone_depth": false
                },
                "then_run": {
                  "type": "minecraft:condition",
                  "if_true": {
                    "type": "minecraft:biome",
                    "biome_is": [
                      "minecraft:desert"
                    ]
                  },
                  "then_run": {
                    "type": "minecraft:sequence",
                    "sequence": [
                      {
                        "type": "minecraft:condition",
                        "if_true": {
                          "type": "minecraft:stone_depth",
                          "offset": 0,
                          "surface_type": "ceiling",
                          "add_surface_depth": false,
                          "add_surface_secondary_depth": false
                        },
                        "then_run": {
                          "type": "minecraft:block",
                          "result_state": {
                            "Name": "minecraft:sandstone"
                          }
                        }
                      },
                      {
                        "type": "minecraft:block",
                        "result_state": {
                          "Name": "minecraft:sand"
                        }
                      }
                    ]
                  }
                }
              },
              {
                "type": "minecraft:condition",
                "if_true": {
                  "type": "minecraft:y_above",
                  "anchor": {
                    "absolute": 63
                  },
                  "surface_depth_multiplier": 2,
                  "add_stone_depth": false
                },
                "then_run": {
                  "type": "minecraft:block",
                  "result_state": {
                    "Name": "minecraft:gray_concrete_powder"
                  }
                }
              },
              {
                "type": "minecraft:block",
                "result_state": {
                  "Name": "minecraft:black_concrete_powder"
                }
              }
            ]
          }
        }
      }
    ]
  },
  "structures": {
    "structures": {
      "minecraft:buried_treasure": {
        "spacing": 1,
        "separation": 0,
        "salt": 0
      },
      "minecraft:ruined_portal": {
        "spacing": 35,
        "separation": 15,
        "salt": 34222645
      },
      "minecraft:mineshaft": {
        "spacing": 1,
        "separation": 0,
        "salt": 0
      },
      "minecraft:pillager_outpost": {
        "spacing": 32,
        "separation": 8,
        "salt": 165745296
      }
    }
  }
}
