{
  "type": "minecraft:chest",
  "pools": [
    {
      "rolls": {
        "min": 12,
        "max": 16,
        "type": "minecraft:uniform"
      },
      "entries": [
        {
          "type": "minecraft:item",
          "weight": 2.50,
          "name": "minecraft:emerald"
        },
        {
          "type": "minecraft:item",
          "weight": 4.50,
          "name": "minecraft:diamond"
        },
        {
          "type": "minecraft:item",
          "weight": 8,
          "functions": [
            {
              "function": "minecraft:set_count",
              "count": {
                "min": 1.0,
                "max": 2.0,
                "type": "minecraft:uniform"
              }
            }
          ],
          "name": "minecraft:gold_ingot"
        },
        {
          "type": "minecraft:item",
          "weight": 20,
          "functions": [
            {
              "function": "minecraft:set_count",
              "count": {
                "min": 1.0,
                "max": 4.0,
                "type": "minecraft:uniform"
              }
            }
          ],
          "name": "minecraft:iron_ingot"
        }
      ]
    }
  ]
}
