{
  "type": "minecraft:chest",
  "pools": [
    {
      "rolls": 1,
      "entries": [
        {
          "type": "minecraft:item",
          "name": "minecraft:netherite_hoe",
          "functions": [
            {
              "function": "minecraft:set_name",
              "entity": "this",
              "name": [
                {
                  "selector": "@s",
                  "separator": "'s hoe",
                  "bold": true,
                  "italic": false,
                  "underlined": true,
                  "strikethrough": false,
                  "obfuscated": false
                }
              ]
            }
          ]
        }
      ]
    }
  ]
}
