{
  "sea_level": 63,
  "disable_mob_generation": false,
  "noise_caves_enabled": true,
  "noodle_caves_enabled": true,
  "aquifers_enabled": true,
  "ore_veins_enabled": true,
  "legacy_random_source": false,
  "default_block": {
    "Name": "minecraft:stone"
  },
  "default_fluid": {
    "Name": "minecraft:water",
    "Properties": {
      "level": "15"
    }
  },
  "noise": {
    "min_y": 64,
    "height": 128,
    "size_horizontal": 1,
    "size_vertical": 2,
    "island_noise_override": false,
    "amplified": false,
    "large_biomes": false,
    "sampling": {
      "xz_scale": 0.9999999814507745,
      "y_scale": 0.9999999814507745,
      "xz_factor": 80,
      "y_factor": 160
    },
    "bottom_slide": {
      "target": 0.1171875,
      "size": 3,
      "offset": 0
    },
    "top_slide": {
      "target": -0.078125,
      "size": 2,
      "offset": 8
    },
    "terrain_shaper": {
      "offset": 0,
      "factor": 0,
      "jaggedness": 0
    }
  },
  "surface_rule": {
    "type": "minecraft:condition",
    "if_true": {
      "type": "minecraft:biome",
      "biome_is": [
        "magicorp:mordor"
      ]
    },
    "then_run": {
      "type": "minecraft:block",
      "result_state": {
        "Name": "minecraft:deepslate"
      }
    }
  },
  "structures": {
    "stronghold": {
      "distance": 32,
      "spread": 3,
      "count": 128
    },
    "structures": {
      "minecraft:igloo": {
        "spacing": 32,
        "separation": 8,
        "salt": 14357618
      },
      "minecraft:mansion": {
        "spacing": 80,
        "separation": 20,
        "salt": 10387319
      },
      "minecraft:jungle_pyramid": {
        "spacing": 32,
        "separation": 8,
        "salt": 14357619
      },
      "minecraft:nether_fossil": {
        "spacing": 2,
        "separation": 1,
        "salt": 14357921
      },
      "minecraft:stronghold": {
        "spacing": 1,
        "separation": 0,
        "salt": 0
      },
      "minecraft:shipwreck": {
        "spacing": 24,
        "separation": 4,
        "salt": 165745295
      },
      "minecraft:mineshaft": {
        "spacing": 1,
        "separation": 0,
        "salt": 0
      },
      "minecraft:desert_pyramid": {
        "spacing": 32,
        "separation": 8,
        "salt": 14357617
      },
      "minecraft:ruined_portal": {
        "spacing": 10,
        "separation": 5,
        "salt": 0
      },
      "minecraft:fortress": {
        "spacing": 27,
        "separation": 4,
        "salt": 30084232
      },
      "minecraft:pillager_outpost": {
        "spacing": 32,
        "separation": 8,
        "salt": 165745296
      },
      "minecraft:village": {
        "spacing": 32,
        "separation": 8,
        "salt": 10387312
      },
      "minecraft:endcity": {
        "spacing": 20,
        "separation": 11,
        "salt": 10387313
      },
      "minecraft:buried_treasure": {
        "spacing": 1,
        "separation": 0,
        "salt": 0
      },
      "minecraft:ocean_ruin": {
        "spacing": 20,
        "separation": 8,
        "salt": 14357621
      },
      "minecraft:bastion_remnant": {
        "spacing": 27,
        "separation": 4,
        "salt": 30084232
      },
      "minecraft:swamp_hut": {
        "spacing": 32,
        "separation": 8,
        "salt": 14357620
      },
      "minecraft:monument": {
        "spacing": 32,
        "separation": 5,
        "salt": 10387313
      }
    }
  }
}
