{
  "textures": {
    "particle": "minecraft:block/redstone_block",
    "layer0": "minecraft:block/redstone_block"
  },
  "__comment": "3D bed",
  "elements": [
    {   "__comment": "red_head",
      "from": [ -0.5, 5, 0 ],
      "to": [ 16.5, 9, 8 ],
      "faces": {
        "down":  { "uv": [ 0, 16, 8, 0 ], "texture": "#layer0", "textureFacing": "up", "rotation": 90 },
        "up":    { "uv": [ 0, 16, 8, 0 ], "texture": "#layer0", "textureFacing": "up", "rotation": 90 },
        "west":  { "uv": [ 0, 7, 8, 11 ], "texture": "#layer0", "textureFacing": "west" },
        "east":  { "uv": [ 8, 7, 0, 11 ], "texture": "#layer0", "textureFacing": "east" }
      }
    },
    {   "__comment": "pillow",
      "from": [ -0.5, 5, 8 ],
      "to": [ 16.5, 10, 16 ],
      "faces": {
        "down":  { "uv": [ 8, 16, 16, 0 ], "texture": "#layer0", "textureFacing": "up", "rotation": 90 },
        "up":    { "uv": [ 8, 16, 16, 0 ], "texture": "#layer0", "textureFacing": "up", "rotation": 90 },
        "west":  { "uv": [ 8, 7, 16, 11 ], "texture": "#layer0", "textureFacing": "west" },
        "north": { "uv": [ 8, 15, 16, 16 ], "texture": "#layer0", "textureFacing": "up" },
        "south": { "uv": [ 0, 7, 16, 11 ], "texture": "#layer0", "textureFacing": "south" },
        "east":  { "uv": [ 16, 7, 8, 11 ], "texture": "#layer0", "textureFacing": "east" }
      }
    },
    {   "__comment": "wood_head",
      "from": [ 0, 3, 0 ],
      "to": [ 16, 5, 16 ],
      "faces": {
        "down":  { "uv": [ 0, 0, 16, 16 ], "texture": "#layer0", "textureFacing": "down" },
        "south": { "uv": [ 0, 11, 16, 13 ], "texture": "#layer0", "textureFacing": "south" },
        "west":  { "uv": [ 0, 11, 16, 13 ], "texture": "#layer0", "textureFacing": "west" },
        "east":  { "uv": [ 16, 11, 0, 13 ], "texture": "#layer0", "textureFacing": "east" }
      }
    },
    {   "__comment": "right_front",
      "from": [ 0, 0, 15 ],
      "to": [ 3, 3, 16 ],
      "faces": {
        "down":  { "uv": [ 0, 16, 3, 15 ], "texture": "#layer0", "textureFacing": "down" },
        "north": { "uv": [ 13, 16, 16, 13 ], "texture": "#layer0", "textureFacing": "north" },
        "west":  { "uv": [ 15, 16, 16, 13 ], "texture": "#layer0", "textureFacing": "west" },
        "south": { "uv": [ 0, 16, 3, 13 ], "texture": "#layer0", "textureFacing": "south" },
        "east":  { "uv": [ 15, 16, 16, 13 ], "texture": "#layer0", "textureFacing": "east" }
      }
    },
    {   "__comment": "right_side",
      "from": [ 0, 0, 13 ],
      "to": [ 1, 3, 15 ],
      "faces": {
        "down":  { "uv": [ 15, 15, 16, 13 ], "texture": "#layer0", "textureFacing": "down" },
        "west":  { "uv": [ 13, 16, 15, 13 ], "texture": "#layer0", "textureFacing": "west" },
        "north": { "uv": [ 0, 16, 1, 13 ], "texture": "#layer0", "textureFacing": "north" },
        "east":  { "uv": [ 13, 16, 15, 13 ], "texture": "#layer0", "textureFacing": "east" }
      }
    },
    {   "__comment": "left_front",
      "from": [ 13, 0, 15 ],
      "to": [ 16, 3, 16 ],
      "faces": {
        "down":  { "uv": [ 0, 16, 3, 15 ], "texture": "#layer0", "textureFacing": "down" },
        "north": { "uv": [ 0, 16, 3, 13 ], "texture": "#layer0", "textureFacing": "south" },
        "west":  { "uv": [ 15, 16, 16, 13 ], "texture": "#layer0", "textureFacing": "west" },
        "south": { "uv": [ 0, 16, 3, 13 ], "texture": "#layer0", "textureFacing": "north" },
        "east":  { "uv": [ 15, 16, 16, 13 ], "texture": "#layer0", "textureFacing": "east" }
      }
    },
    {   "__comment": "left_side",
      "from": [ 15, 0, 13 ],
      "to": [ 16, 3, 15 ],
      "faces": {
        "down":  { "uv": [ 15, 15, 16, 13 ], "texture": "#layer0", "textureFacing": "down" },
        "west":  { "uv": [ 13, 16, 15, 13 ], "texture": "#layer0", "textureFacing": "west" },
        "north": { "uv": [ 0, 16, 1, 13 ], "texture": "#layer0", "textureFacing": "north" },
        "east":  { "uv": [ 13, 16, 15, 13 ], "texture": "#layer0", "textureFacing": "east", "rotation": 180 }
      }
    },
    {   "__comment": "red_foot",
      "from": [ -0.5, 5, -16 ],
      "to": [ 16.5, 9, 0 ],
      "faces": {
        "down":  { "uv": [ 0, 0, 16, 16 ], "texture": "#layer0", "textureFacing": "up" },
        "up":    { "uv": [ 16, 0, 0, 16 ], "texture": "#layer0", "textureFacing": "up", "rotation": 270, "cull": false },
        "north": { "uv": [ 0, 7, 16, 11 ], "texture": "#layer0", "textureFacing": "north" },
        "west":  { "uv": [ 0, 7, 16, 11 ], "texture": "#layer0", "textureFacing": "west" },
        "east":  { "uv": [ 16, 7, 0, 11 ], "texture": "#layer0", "textureFacing": "east" }
      }
    },
    {   "__comment": "wood_foot",
      "from": [ 0, 3, -16 ],
      "to": [ 16, 5, 0 ],
      "faces": {
        "down":  { "uv": [ 0, 0, 16, 16 ], "texture": "#layer0", "textureFacing": "down" },
        "north": { "uv": [ 0, 11, 16, 13 ], "texture": "#layer0", "textureFacing": "north" },
        "west":  { "uv": [ 0, 11, 16, 13 ], "texture": "#layer0", "textureFacing": "west" },
        "east":  { "uv": [ 16, 11, 0, 13 ], "texture": "#layer0", "textureFacing": "east" }
      }
    },
    {   "__comment": "right_back",
      "from": [ 0, 0, -16 ],
      "to": [ 3, 3, -15 ],
      "faces": {
        "down":  { "uv": [ 0, 16, 3, 15 ], "texture": "#layer0", "textureFacing": "down" },
        "north": { "uv": [ 13, 16, 16, 13 ], "texture": "#layer0", "textureFacing": "north" },
        "west":  { "uv": [ 0, 16, 1, 13 ], "texture": "#layer0", "textureFacing": "west" },
        "south": { "uv": [ 0, 16, 3, 13 ], "texture": "#layer0", "textureFacing": "south" },
        "east":  { "uv": [ 0, 16, 1, 13 ], "texture": "#layer0", "textureFacing": "east" }
      }
    },
    {   "__comment": "right_side",
      "from": [ 0, 0, -15 ],
      "to": [ 1, 3, -13 ],
      "faces": {
        "down":  { "uv": [ 15, 15, 16, 13 ], "texture": "#layer0", "textureFacing": "down" },
        "west":  { "uv": [ 1, 16, 3, 13 ], "texture": "#layer0", "textureFacing": "west" },
        "south": { "uv": [ 0, 16, 1, 13 ], "texture": "#layer0", "textureFacing": "south" },
        "east":  { "uv": [ 0, 16, 2, 13 ], "texture": "#layer0", "textureFacing": "east" }
      }
    },
    {   "__comment": "left_back",
      "from": [ 13, 0, -16 ],
      "to": [ 16, 3, -15 ],
      "faces": {
        "down":  { "uv": [ 0, 16, 3, 15 ], "texture": "#layer0", "textureFacing": "down" },
        "north": { "uv": [ 0, 16, 3, 13 ], "texture": "#layer0", "textureFacing": "south" },
        "west":  { "uv": [ 0, 16, 1, 13 ], "texture": "#layer0", "textureFacing": "west" },
        "south": { "uv": [ 0, 16, 3, 13 ], "texture": "#layer0", "textureFacing": "north" },
        "east":  { "uv": [ 0, 16, 1, 13 ], "texture": "#layer0", "textureFacing": "east" }
      }
    },
    {   "__comment": "left_side",
      "from": [ 15, 0, -15 ],
      "to": [ 16, 3, -13 ],
      "faces": {
        "down":  { "uv": [ 15, 15, 16, 13 ], "texture": "#layer0", "textureFacing": "down" },
        "west":  { "uv": [ 1, 16, 3, 13 ], "texture": "#layer0", "textureFacing": "west" },
        "south": { "uv": [ 0, 16, 1, 13 ], "texture": "#layer0", "textureFacing": "south" },
        "east":  { "uv": [ 1, 16, 3, 13 ], "texture": "#layer0", "textureFacing": "east", "rotation": 180 }
      }
    }
  ]
}
