{
  "type": "minecraft:overworld",
  "generator": {
    "type": "minecraft:noise",
    "seed": -1676058060343037717,
    "settings": "minecraft:overworld",
    "biome_source": {
      "type": "minecraft:multi_noise",
      "biomes": [
        {
          "biome": "magicorp:desert",
          "parameters": {
            "temperature": [
              0.7,
              1
            ],
            "humidity": [
              -0.45,
              0.5
            ],
            "continentalness": [
              0.1,
              1
            ],
            "erosion": [
              -1,
              1
            ],
            "weirdness": [
              -1,
              1
            ],
            "depth": 0,
            "offset": 0
          }
        },
        {
          "biome": "magicorp:mordor",
          "parameters": {
            "temperature": [0.55, 1.0],
            "humidity": 	[0.30000000000000004, 1.0],
            "continentalness": [
              0.3,
              1
            ],
            "erosion": [-1.0, -0.375],
            "weirdness": [-0.7666000000000001, -0.5666],
            "depth": 0,
            "offset": 0
          }
        },
        {
          "parameters": {
            "erosion": [
              -1.0,
              1.0
            ],
            "depth": 0.0,
            "weirdness": [
              -1.0,
              1.0
            ],
            "offset": 0.0,
            "temperature": [
              -0.15,
              0.2
            ],
            "humidity": [
              -1.0,
              1.0
            ],
            "continentalness": [
              -0.455,
              -0.19
            ]
          },
          "biome": "minecraft:ocean"
        }
      ]
    }
  }
}
