{
  "type": "minecraft:overworld",
  "generator": {
    "type": "minecraft:noise",
    "seed": -1676058060343037717,
    "settings": "minecraft:overworld",
    "biome_source": {
      "type": "minecraft:multi_noise",
      "biomes": [
        {
          "parameters": {
            "erosion": [
              -1.0,
              -0.7799
            ],
            "depth": 0.0,
            "weirdness": [
              -0.9333,
              -0.7666000000000001
            ],
            "offset": 0.0,
            "temperature": [
              0.75,
              1
            ],
            "humidity": [
              0.50,
              1
            ],
            "continentalness": [
              0.75,
              1
            ]
          },
          "biome": "magicorp:mordor"
        },
        {
          "biome": "magicorp:flower_forest",
          "parameters": {
            "temperature": [
              -0.15,
              0.2
            ],
            "humidity": [
              -1,
              -0.35
            ],
            "continentalness": [
              0.03,
              0.3
            ],
            "erosion": [
              -0.2225,
              -0.05
            ],
            "weirdness": [
              -0.5666,
              -0.45
            ],
            "depth": 0,
            "offset": 0
          }
        },
        {
          "parameters": {
            "erosion": [
              -1.0,
              1.0
            ],
            "depth": 0.0,
            "weirdness": [
              -1.0,
              1.0
            ],
            "offset": 0.0,
            "temperature": [
              -0.15,
              0.2
            ],
            "humidity": [
              -1.0,
              1.0
            ],
            "continentalness": [
              -0.455,
              -0.19
            ]
          },
          "biome": "minecraft:ocean"
        },
        {
          "parameters": {
            "erosion": [
              -1.0,
              1.0
            ],
            "depth": 1.0,
            "weirdness": [
              -1.0,
              1.0
            ],
            "offset": 0.0,
            "temperature": [
              -0.15,
              0.2
            ],
            "humidity": [
              -1.0,
              1.0
            ],
            "continentalness": [
              -0.455,
              -0.19
            ]
          },
          "biome": "minecraft:ocean"
        },
        {
          "parameters": {
            "erosion": [
              -0.2225,
              0.45
            ],
            "depth": 0.0,
            "weirdness": [
              -0.2666,
              -0.05
            ],
            "offset": 0.0,
            "temperature": [
              0.55,
              1.0
            ],
            "humidity": [
              0.1,
              0.30000000000000004
            ],
            "continentalness": [
              -0.19,
              -0.11
            ]
          },
          "biome": "minecraft:desert"
        },
        {
          "parameters": {
            "erosion": [
              -0.2225,
              0.45
            ],
            "depth": 1.0,
            "weirdness": [
              -0.2666,
              -0.05
            ],
            "offset": 0.0,
            "temperature": [
              0.55,
              1.0
            ],
            "humidity": [
              0.1,
              0.30000000000000004
            ],
            "continentalness": [
              -0.19,
              -0.11
            ]
          },
          "biome": "minecraft:desert"
        },
        {
          "parameters": {
            "erosion": [
              -0.2225,
              0.45
            ],
            "depth": 0.0,
            "weirdness": [
              0.05,
              0.2666
            ],
            "offset": 0.0,
            "temperature": [
              0.55,
              1.0
            ],
            "humidity": [
              0.1,
              0.30000000000000004
            ],
            "continentalness": [
              -0.19,
              -0.11
            ]
          },
          "biome": "minecraft:desert"
        },
        {
          "parameters": {
            "erosion": [
              -0.2225,
              0.45
            ],
            "depth": 1.0,
            "weirdness": [
              0.05,
              0.2666
            ],
            "offset": 0.0,
            "temperature": [
              0.55,
              1.0
            ],
            "humidity": [
              0.1,
              0.30000000000000004
            ],
            "continentalness": [
              -0.19,
              -0.11
            ]
          },
          "biome": "minecraft:desert"
        },

        {
          "parameters": {
            "erosion": [
              0.05,
              0.45
            ],
            "depth": 0.0,
            "weirdness": [
              -0.9333,
              -0.7666
            ],
            "offset": 0.0,
            "temperature": [
              0.55,
              1.0
            ],
            "humidity": [
              -1.0,
              -0.35
            ],
            "continentalness": [
              -0.19,
              1.0
            ]
          },
          "biome": "minecraft:desert"
        },
        {
          "parameters": {
            "erosion": [
              0.05,
              0.45
            ],
            "depth": 1.0,
            "weirdness": [
              -0.9333,
              -0.7666
            ],
            "offset": 0.0,
            "temperature": [
              0.55,
              1.0
            ],
            "humidity": [
              -1.0,
              -0.35
            ],
            "continentalness": [
              -0.19,
              1.0
            ]
          },
          "biome": "minecraft:desert"
        },
        {
          "parameters": {
            "erosion": [
              0.45,
              0.55
            ],
            "depth": 0.0,
            "weirdness": [
              -0.9333,
              -0.7666
            ],
            "offset": 0.0,
            "temperature": [
              0.55,
              1.0
            ],
            "humidity": [
              -1.0,
              -0.35
            ],
            "continentalness": [
              -0.19,
              0.03
            ]
          },
          "biome": "minecraft:desert"
        },
        {
          "parameters": {
            "erosion": [
              0.45,
              0.55
            ],
            "depth": 1.0,
            "weirdness": [
              -0.9333,
              -0.7666
            ],
            "offset": 0.0,
            "temperature": [
              0.55,
              1.0
            ],
            "humidity": [
              -1.0,
              -0.35
            ],
            "continentalness": [
              -0.19,
              0.03
            ]
          },
          "biome": "minecraft:desert"
        },
        {
          "parameters": {
            "erosion": [
              0.45,
              0.55
            ],
            "depth": 0.0,
            "weirdness": [
              -0.9333,
              -0.7666
            ],
            "offset": 0.0,
            "temperature": [
              0.55,
              1.0
            ],
            "humidity": [
              -1.0,
              -0.35
            ],
            "continentalness": [
              0.03,
              1.0
            ]
          },
          "biome": "minecraft:desert"
        },
        {
          "parameters": {
            "erosion": [
              0.45,
              0.55
            ],
            "depth": 1.0,
            "weirdness": [
              -0.9333,
              -0.7666
            ],
            "offset": 0.0,
            "temperature": [
              0.55,
              1.0
            ],
            "humidity": [
              -1.0,
              -0.35
            ],
            "continentalness": [
              0.03,
              1.0
            ]
          },
          "biome": "minecraft:desert"
        },
        {
          "parameters": {
            "erosion": [
              0.55,
              1.0
            ],
            "depth": 0.0,
            "weirdness": [
              -0.9333,
              -0.7666
            ],
            "offset": 0.0,
            "temperature": [
              0.55,
              1.0
            ],
            "humidity": [
              -1.0,
              -0.35
            ],
            "continentalness": [
              -0.19,
              1.0
            ]
          },
          "biome": "minecraft:desert"
        },
        {
          "parameters": {
            "erosion": [
              0.55,
              1.0
            ],
            "depth": 1.0,
            "weirdness": [
              -0.9333,
              -0.7666
            ],
            "offset": 0.0,
            "temperature": [
              0.55,
              1.0
            ],
            "humidity": [
              -1.0,
              -0.35
            ],
            "continentalness": [
              -0.19,
              1.0
            ]
          },
          "biome": "minecraft:desert"
        },
        {
          "parameters": {
            "erosion": [
              -1.0,
              -0.375
            ],
            "depth": 0.0,
            "weirdness": [
              -0.9333,
              -0.7666
            ],
            "offset": 0.0,
            "temperature": [
              0.55,
              1.0
            ],
            "humidity": [
              -0.35,
              -0.1
            ],
            "continentalness": [
              -0.19,
              -0.11
            ]
          },
          "biome": "minecraft:desert"
        },
        {
          "parameters": {
            "erosion": [
              -1.0,
              -0.375
            ],
            "depth": 1.0,
            "weirdness": [
              -0.9333,
              -0.7666
            ],
            "offset": 0.0,
            "temperature": [
              0.55,
              1.0
            ],
            "humidity": [
              -0.35,
              -0.1
            ],
            "continentalness": [
              -0.19,
              -0.11
            ]
          },
          "biome": "minecraft:desert"
        },
        {
          "parameters": {
            "erosion": [
              -0.375,
              0.05
            ],
            "depth": 0.0,
            "weirdness": [
              -0.7666,
              -0.5666
            ],
            "offset": 0.0,
            "temperature": [
              -0.45,
              -0.15
            ],
            "humidity": [
              -1.0,
              -0.35
            ],
            "continentalness": [
              -0.19,
              0.03
            ]
          },
          "biome": "minecraft:plains"
        },
        {
          "parameters": {
            "erosion": [
              -0.375,
              0.05
            ],
            "depth": 1.0,
            "weirdness": [
              -0.7666,
              -0.5666
            ],
            "offset": 0.0,
            "temperature": [
              -0.45,
              -0.15
            ],
            "humidity": [
              -1.0,
              -0.35
            ],
            "continentalness": [
              -0.19,
              0.03
            ]
          },
          "biome": "minecraft:plains"
        }
      ]
    }
  }
}
