{
  "display": {
    "icon": {
      "item": "minecraft:carved_pumpkin"
    },
    "title": "Libérée, délivrée !",
    "description": "Vous voulez un bonhomme de neige?",
    "show_toast": true,
    "announce_to_chat": true,
    "hidden": false
  },
  "parent": "mcvr:cornicraft/root",
  "criteria": {
    "summoned_snowman": {
      "trigger": "minecraft:summoned_entity",
      "conditions": {
        "entity": [
          {
            "condition": "minecraft:entity_properties",
            "entity": "this",
            "predicate": {
              "type": "minecraft:snow_golem"
            }
          }
        ]
      }
    }
  },
  "requirements": [
    [
      "summoned_snowman"
    ]
  ]
}