{
  "type": "minecraft:overworld",
  "generator": {
    "type": "minecraft:noise",
    "seed": -1676058060343037717,
    "settings": "magicorp:overworld",
    "biome_source": {
      "type": "minecraft:multi_noise",
      "biomes": [
        {
          "parameters": {
            "erosion": [
              -1.0,
              1.0
            ],
            "depth": 0.0,
            "weirdness": [
              -1.0,
              1.0
            ],
            "offset": 0.0,
            "temperature": [
              -0.15,
              0.2
            ],
            "humidity": [
              -1.0,
              1.0
            ],
            "continentalness": [
              -0.455,
              -0.19
            ]
          },
          "biome": "magicorp:empty"
        }
      ]
    }
  }
}
