[
  {
    "condition": "minecraft:location_check",
    "offsetX": 0,
    "offsetZ": 2,
    "predicate": {
      "block": {
        "blocks": [
          "minecraft:red_carpet"
        ]
      }
    }
  },
  {
    "condition": "minecraft:location_check",
    "offsetX": 0,
    "offsetZ": 1,
    "predicate": {
      "block": {
        "blocks": [
          "minecraft:orange_carpet"
        ]
      }
    }
  },
  {
    "condition": "minecraft:location_check",
    "offsetX": 0,
    "offsetZ": 0,
    "predicate": {
      "block": {
        "blocks": [
          "minecraft:yellow_carpet"
        ]
      }
    }
  },
  {
    "condition": "minecraft:location_check",
    "offsetX": 0,
    "offsetZ": -1,
    "predicate": {
      "block": {
        "blocks": [
          "minecraft:lime_carpet"
        ]
      }
    }
  },
  {
    "condition": "minecraft:location_check",
    "offsetX": 0,
    "offsetZ": -2,
    "predicate": {
      "block": {
        "blocks": [
          "minecraft:light_blue_carpet"
        ]
      }
    }
  },
  {
    "condition": "minecraft:location_check",
    "offsetX": 0,
    "offsetZ": -3,
    "predicate": {
      "block": {
        "blocks": [
          "minecraft:blue_carpet"
        ]
      }
    }
  },
  {
    "condition": "minecraft:location_check",
    "offsetX": 0,
    "offsetZ": -4,
    "predicate": {
      "block": {
        "blocks": [
          "minecraft:purple_carpet"
        ]
      }
    }
  }
]