{
  "type": "magicorp:medim",
  "generator": {
    "type": "minecraft:noise",
    "seed": 666,
    "settings": {
      "bedrock_roof_position": -10,
      "bedrock_floor_position": -10,
      "sea_level": 0,
      "disable_mob_generation": false,
      "structures": {
        "structures": {
          "minecraft:jungle_pyramid": {
            "spacing": 32,
            "separation": 8,
            "salt": 14357619
          },
          "minecraft:endcity": {
            "spacing": 20,
            "separation": 11,
            "salt": 10387313
          },
          "minecraft:village": {
            "spacing": 32,
            "separation": 8,
            "salt": 10387312
          },
          "minecraft:ruined_portal": {
            "spacing": 40,
            "separation": 15,
            "salt": 34222645
          },
          "minecraft:igloo": {
            "spacing": 32,
            "separation": 8,
            "salt": 14357618
          },
          "minecraft:stronghold": {
            "spacing": 1,
            "separation": 0,
            "salt": 0
          },
          "minecraft:bastion_remnant": {
            "spacing": 30,
            "separation": 4,
            "salt": 30084232
          },
          "minecraft:desert_pyramid": {
            "spacing": 32,
            "separation": 8,
            "salt": 14357617
          },
          "minecraft:nether_fossil": {
            "spacing": 2,
            "separation": 1,
            "salt": 14357921
          },
          "minecraft:mansion": {
            "spacing": 80,
            "separation": 20,
            "salt": 10387319
          },
          "minecraft:shipwreck": {
            "spacing": 24,
            "separation": 4,
            "salt": 165745295
          },
          "minecraft:monument": {
            "spacing": 32,
            "separation": 5,
            "salt": 10387313
          },
          "minecraft:swamp_hut": {
            "spacing": 32,
            "separation": 8,
            "salt": 14357620
          },
          "minecraft:fortress": {
            "spacing": 30,
            "separation": 4,
            "salt": 30084232
          },
          "minecraft:pillager_outpost": {
            "spacing": 32,
            "separation": 8,
            "salt": 165745296
          },
          "minecraft:ocean_ruin": {
            "spacing": 20,
            "separation": 8,
            "salt": 14357621
          }
        }
      },
      "noise": {
        "top_slide": {
          "target": -10,
          "size": 9.5 ,
          "offset": 0
        },
        "bottom_slide": {
          "target": -30,
          "size": 7.5,
          "offset": 0
        },
        "sampling": {
          "xz_scale": 1,
          "y_scale": 1,
          "xz_factor": 80,
          "y_factor": 160
        },
        "size_vertical": 2,
        "size_horizontal": 4,
        "height": 256,
        "density_factor": 1,
        "density_offset": -0.46875,
        "random_density_offset": true,
        "simplex_surface_noise": true,
        "island_noise_override": true,
        "amplified": false
      },
      "default_block": {
        "Name": "minecraft:gold_block",
        "Properties": {}
      },
      "default_fluid": {
        "Name": "minecraft:water",
        "Properties": {}
      }
    },
    "biome_source": {
      "type": "minecraft:multi_noise",
      "seed": 666,
      "biomes": [
        {
          "biome": "minecraft:jungle_edge",
          "parameters": {
            "altitude": 0.0,
            "weirdness": 0.0,
            "offset": 0.0,
            "temperature": 0.5,
            "humidity": 0.0
          }
        },
        {
          "biome": "minecraft:plains",
          "parameters": {
            "altitude": 0.0,
            "weirdness": 0.0,
            "offset": 0.0,
            "temperature": 0.0,
            "humidity": 0.0
          }
        }
      ]
    }
  }
}