{
  "textures": {
    "particle": "minecraft:block/fletching_table",
    "all": "minecraft:block/fletching_table",
    "bottom": "minecraft:block/birch_planks"
  },
  "elements": [
    {
      "from": [ 0, 0, 0 ],
      "to": [ 16, 16, 16 ],
      "faces": {
        "down":  { "texture": "#bottom", "cullface": "down" },
        "up":    { "uv": [0,0, 16,5.34], "texture": "#all", "cullface": "up" },
        "north": { "uv": [0,5.35, 16,10.66], "texture": "#all", "cullface": "north" },
        "south": { "uv": [0,5.35, 16,10.66], "texture": "#all", "cullface": "south" },
        "west":  { "uv": [0,10.67, 16,16], "texture": "#all", "cullface": "west" },
        "east":  { "uv": [0,10.67, 16,16], "texture": "#all", "cullface": "east" }
      }
    }
  ]
}