{
  "textures": {
		"2": "bitacu:player"

  },
  "elements": [
		{
			"name": "steve_right_leg",
			"from": [4, -0.5, 6],
			"to": [8, 11.5, 10],
			"faces": {
				"north": {"uv": [3, 10, 4, 16], "texture": "#2"},
				"east": {"uv": [2, 10, 3, 15.98], "texture": "#2"},
				"south": {"uv": [1, 10, 2, 16], "texture": "#2"},
				"west": {"uv": [0, 10, 1, 16], "texture": "#2"},
				"up": {"uv": [2, 10, 1, 8], "rotation": 180, "texture": "#2"},
				"down": {"uv": [2, 8, 3, 10], "rotation": 180, "texture": "#2"}
			}
		},
		{
			"name": "steve_left_leg",
			"from": [8, -0.5, 6],
			"to": [12, 11.5, 10],
			"faces": {
				"north": {"uv": [3, 16, 4, 10], "rotation": 180, "texture": "#2"},
				"east": {"uv": [1, 10, 0, 16], "texture": "#2"},
				"south": {"uv": [2, 10, 1, 16], "texture": "#2"},
				"west": {"uv": [3, 10, 2, 15.98], "texture": "#2"},
				"up": {"uv": [2, 8, 1, 10], "texture": "#2"},
				"down": {"uv": [2, 8, 3, 10], "texture": "#2"}
			}
		},
		{
			"name": "steve_body",
			"from": [4, 11.5, 6],
			"to": [12, 23.5, 10],
			"faces": {
				"north": {"uv": [8, 10, 9.98, 16], "texture": "#2"},
				"east": {"uv": [7, 10, 8, 16], "texture": "#2"},
				"south": {"uv": [5, 10, 7, 15.98], "texture": "#2"},
				"west": {"uv": [4, 10, 5, 15.98], "texture": "#2"},
				"up": {"uv": [5, 8, 7, 10], "texture": "#2"},
				"down": {"uv": [7, 10, 9, 8], "texture": "#2"}
			}
		},
		{
			"name": "steve_head",
			"from": [4, 23.5, 4],
			"to": [12, 31.5, 12],
			"faces": {
				"north": {"uv": [6, 4, 8, 8], "texture": "#2"},
				"east": {"uv": [4, 4, 6, 8], "texture": "#2"},
				"south": {"uv": [2, 4, 4, 8], "texture": "#2"},
				"west": {"uv": [0, 4, 2, 8], "texture": "#2"},
				"up": {"uv": [2, 0, 4, 4], "texture": "#2"},
				"down": {"uv": [4, 4, 6, 0], "texture": "#2"}
			}
		},
		{
			"name": "steve_right_arm",
			"from": [0, 11.5, 6],
			"to": [4, 23.5, 10],
			"faces": {
				"north": {"uv": [12, 10, 11, 16], "texture": "#2"},
				"east": {"uv": [12, 10, 13, 16], "texture": "#2"},
				"south": {"uv": [14, 10, 13, 16], "texture": "#2"},
				"west": {"uv": [11, 10, 10, 16], "texture": "#2"},
				"up": {"uv": [11, 8, 12, 10], "texture": "#2"},
				"down": {"uv": [12, 10, 13, 8], "texture": "#2"}
			}
		},
		{
			"name": "steve_left_arm",
			"from": [12, 11.5, 6],
			"to": [16, 23.5, 10],
			"faces": {
				"north": {"uv": [11, 10, 12, 16], "texture": "#2"},
				"east": {"uv": [10, 10, 11, 16], "texture": "#2"},
				"south": {"uv": [13, 10, 14, 16], "texture": "#2"},
				"west": {"uv": [13, 10, 12, 16], "texture": "#2"},
				"up": {"uv": [11, 8, 12, 10], "rotation": 180, "texture": "#2"},
				"down": {"uv": [12, 8, 13, 10], "rotation": 180, "texture": "#2"}
			}
		},
		{
			"name": "steve_head_2nd_layer",
			"from": [3.5, 23, 3.5],
			"to": [12.5, 32, 12.5],
			"faces": {
				"north": {"uv": [14, 4, 16, 8], "texture": "#2"},
				"east": {"uv": [12, 4, 14, 8], "texture": "#2"},
				"south": {"uv": [10, 4, 12, 8], "texture": "#2"},
				"west": {"uv": [8, 4, 10, 8], "texture": "#2"}
			}
		}
  ]
}
