{
	"textures": {
	  "particle": "minecraft:block/oak_planks",
		"0": "minecraft:block/oak_planks"
	},
	"elements": [
		{
			"name": "red_head",
			"from": [-0.5, 5, 0],
			"to": [16.5, 9, 8],
			"color": 7,
			"faces": {
				"east": {"uv": [8, 7, 0, 11], "texture": "#0"},
				"west": {"uv": [0, 7, 8, 11], "texture": "#0"},
				"up": {"uv": [0, 16, 8, 0], "rotation": 90, "texture": "#0"},
				"down": {"uv": [0, 16, 8, 0], "rotation": 90, "texture": "#0"}
			}
		},
		{
			"name": "pillow",
			"from": [-0.5, 5, 8],
			"to": [16.5, 10, 16],
			"color": 5,
			"faces": {
				"north": {"uv": [8, 15, 16, 16], "texture": "#0"},
				"east": {"uv": [16, 7, 8, 11], "texture": "#0"},
				"south": {"uv": [0, 7, 16, 11], "texture": "#0"},
				"west": {"uv": [8, 7, 16, 11], "texture": "#0"},
				"up": {"uv": [8, 16, 16, 0], "rotation": 90, "texture": "#0"},
				"down": {"uv": [8, 16, 16, 0], "rotation": 90, "texture": "#0"}
			}
		},
		{
			"name": "wood_head",
			"from": [0, 3, 0],
			"to": [16, 5, 16],
			"color": 2,
			"faces": {
				"east": {"uv": [16, 11, 0, 13], "texture": "#0"},
				"south": {"uv": [0, 11, 16, 13], "texture": "#0"},
				"west": {"uv": [0, 11, 16, 13], "texture": "#0"},
				"down": {"uv": [0, 0, 16, 16], "texture": "#0"}
			}
		},
		{
			"name": "right_front",
			"from": [0, 0, 15],
			"to": [3, 3, 16],
			"color": 3,
			"faces": {
				"north": {"uv": [13, 16, 16, 13], "texture": "#0"},
				"east": {"uv": [15, 16, 16, 13], "texture": "#0"},
				"south": {"uv": [0, 16, 3, 13], "texture": "#0"},
				"west": {"uv": [15, 16, 16, 13], "texture": "#0"},
				"down": {"uv": [0, 16, 3, 15], "texture": "#0"}
			}
		},
		{
			"name": "right_side",
			"from": [0, 0, 13],
			"to": [1, 3, 15],
			"color": 6,
			"faces": {
				"north": {"uv": [0, 16, 1, 13], "texture": "#0"},
				"east": {"uv": [13, 16, 15, 13], "texture": "#0"},
				"west": {"uv": [13, 16, 15, 13], "texture": "#0"},
				"down": {"uv": [15, 15, 16, 13], "texture": "#0"}
			}
		},
		{
			"name": "left_front",
			"from": [13, 0, 15],
			"to": [16, 3, 16],
			"color": 0,
			"faces": {
				"north": {"uv": [0, 16, 3, 13], "texture": "#0"},
				"east": {"uv": [15, 16, 16, 13], "texture": "#0"},
				"south": {"uv": [0, 16, 3, 13], "texture": "#0"},
				"west": {"uv": [15, 16, 16, 13], "texture": "#0"},
				"down": {"uv": [0, 16, 3, 15], "texture": "#0"}
			}
		},
		{
			"name": "left_side",
			"from": [15, 0, 13],
			"to": [16, 3, 15],
			"color": 1,
			"faces": {
				"north": {"uv": [0, 16, 1, 13], "texture": "#0"},
				"east": {"uv": [13, 16, 15, 13], "rotation": 180, "texture": "#0"},
				"west": {"uv": [13, 16, 15, 13], "texture": "#0"},
				"down": {"uv": [15, 15, 16, 13], "texture": "#0"}
			}
		},
		{
			"name": "red_foot",
			"from": [-0.5, 5, -16.5],
			"to": [16.5, 9, 0],
			"color": 1,
			"faces": {
				"north": {"uv": [0, 7, 16, 11], "texture": "#0"},
				"east": {"uv": [16, 7, 0, 11], "texture": "#0"},
				"west": {"uv": [0, 7, 16, 11], "texture": "#0"},
				"up": {"uv": [16, 0, 0, 16], "rotation": 270, "texture": "#0"},
				"down": {"uv": [0, 0, 16, 16], "texture": "#0"}
			}
		},
		{
			"name": "wood_foot",
			"from": [0, 3, -16],
			"to": [16, 5, 0],
			"color": 4,
			"faces": {
				"north": {"uv": [0, 11, 16, 13], "texture": "#0"},
				"east": {"uv": [16, 11, 0, 13], "texture": "#0"},
				"west": {"uv": [0, 11, 16, 13], "texture": "#0"},
				"down": {"uv": [0, 0, 16, 16], "texture": "#0"}
			}
		},
		{
			"name": "right_back",
			"from": [0, 0, -16],
			"to": [3, 3, -15],
			"color": 2,
			"faces": {
				"north": {"uv": [13, 16, 16, 13], "texture": "#0"},
				"east": {"uv": [0, 16, 1, 13], "texture": "#0"},
				"south": {"uv": [0, 16, 3, 13], "texture": "#0"},
				"west": {"uv": [0, 16, 1, 13], "texture": "#0"},
				"down": {"uv": [0, 16, 3, 15], "texture": "#0"}
			}
		},
		{
			"name": "right_side",
			"from": [0, 0, -15],
			"to": [1, 3, -13],
			"color": 1,
			"faces": {
				"east": {"uv": [0, 16, 2, 13], "texture": "#0"},
				"south": {"uv": [0, 16, 1, 13], "texture": "#0"},
				"west": {"uv": [1, 16, 3, 13], "texture": "#0"},
				"down": {"uv": [15, 15, 16, 13], "texture": "#0"}
			}
		},
		{
			"name": "left_back",
			"from": [13, 0, -16],
			"to": [16, 3, -15],
			"color": 0,
			"faces": {
				"north": {"uv": [0, 16, 3, 13], "texture": "#0"},
				"east": {"uv": [0, 16, 1, 13], "texture": "#0"},
				"south": {"uv": [0, 16, 3, 13], "texture": "#0"},
				"west": {"uv": [0, 16, 1, 13], "texture": "#0"},
				"down": {"uv": [0, 16, 3, 15], "texture": "#0"}
			}
		},
		{
			"name": "left_side",
			"from": [15, 0, -15],
			"to": [16, 3, -13],
			"color": 3,
			"faces": {
				"east": {"uv": [1, 16, 3, 13], "rotation": 180, "texture": "#0"},
				"south": {"uv": [0, 16, 1, 13], "texture": "#0"},
				"west": {"uv": [1, 16, 3, 13], "texture": "#0"},
				"down": {"uv": [15, 15, 16, 13], "texture": "#0"}
			}
		},
		{
			"from": [3, 8, -3],
			"to": [10, 15, 4],
			"color": 3,
			"faces": {
				"north": {"uv": [0, 0, 1, 1], "texture": "#0"},
				"east": {"uv": [0, 0, 1, 1], "texture": "#0"},
				"south": {"uv": [0, 0, 1, 1], "texture": "#0"},
				"west": {"uv": [0, 0, 1, 1], "texture": "#0"},
				"up": {"uv": [0, 0, 1, 1], "texture": "#0"},
				"down": {"uv": [0, 0, 1, 1], "texture": "#0"}
			}
		}
	]
}
