{
  "type": "minecraft:overworld",
  "generator": {
    "type": "minecraft:noise",
    "seed": -1676058060343037717,
    "settings": "magicorp:bitacu",
    "biome_source": {
      "type": "minecraft:multi_noise",
      "biomes": [
        {
          "parameters": {
            "erosion": [
              -1.0,
              1.0
            ],
            "depth": 0.0,
            "weirdness": [
              -1.0,
              1.0
            ],
            "offset": 0.0,
            "temperature": [
              -1.0,
              0.5
            ],
            "humidity": [
              -1.0,
              1.0
            ],
            "continentalness": [
              -0.3,
              1.0
            ]
          },
          "biome": "magicorp:mordor"
        },
        {
          "parameters": {
            "erosion": [
              -1.0,
              1.0
            ],
            "depth": 0.0,
            "weirdness": [
              -1.0,
              1.0
            ],
            "offset": 0.0,
            "temperature": [
              0.5,
              1.0
            ],
            "humidity": [
              0.0,
              1.0
            ],
            "continentalness": [
              -0.3,
              1.0
            ]
          },
          "biome": "minecraft:desert"
        },
        {
          "parameters": {
            "erosion": [
              -1.0,
              1.0
            ],
            "depth": 0.0,
            "weirdness": [
              -1.0,
              1.0
            ],
            "offset": 0.0,
            "temperature": [
              0.5,
              1.0
            ],
            "humidity": [
              -1.0,
              0.0
            ],
            "continentalness": [
              -0.3,
              1.0
            ]
          },
          "biome": "minecraft:badlands"
        },
        {
          "parameters": {
            "erosion": [
              -1.0,
              1.0
            ],
            "depth": 0.0,
            "weirdness": [
              -1.0,
              1.0
            ],
            "offset": 0.0,
            "temperature": [
              -1.0,
              1.0
            ],
            "humidity": [
              -1.0,
              1.0
            ],
            "continentalness": [
              -1.0,
              -0.2
            ]
          },
          "biome": "minecraft:ocean"
        }
      ]
    }
  }
}
