{
  "type": "dimtest:testworld",
  "generator": {
    "type": "minecraft:noise",
    "settings": "dimtest:testworld",
    "biome_source": {
      "type": "minecraft:multi_noise",
      "biomes": [
        {
          "biome": "minecraft:sparse_jungle",
          "parameters": {
            "temperature": 0.5,
            "humidity": 0,
            "continentalness": 0,
            "erosion": 0,
            "weirdness": 0,
            "depth": 0,
            "offset": 0
          }
        },
        {
          "biome": "minecraft:plains",
          "parameters": {
            "temperature": 0,
            "humidity": 0,
            "continentalness": 0,
            "erosion": 0,
            "weirdness": 0,
            "depth": 0,
            "offset": 0
          }
        },
        {
          "biome": "dimtest:flower_forest",
          "parameters": {
            "temperature": [
              -0.15,
              0.2
            ],
            "humidity": [
              -1,
              -0.35
            ],
            "continentalness": [
              0.03,
              0.3
            ],
            "erosion": [
              -0.2225,
              -0.05
            ],
            "weirdness": [
              -0.5666,
              -0.45
            ],
            "depth": 0,
            "offset": 0
          }
        }
      ]
    }
  }
}
