{
  "type": "dimtest:testworld",
  "generator": {
    "type": "minecraft:noise",
    "settings": "dimtest:testworld",
    "biome_source": {
      "type": "minecraft:multi_noise",
      "biomes": [
        {
          "biome": "minecraft:sparse_jungle",
          "parameters": {
            "temperature": [
              0.5,
              1
            ],
            "humidity": 0,
            "continentalness": 0,
            "erosion": 0,
            "weirdness": 0,
            "depth": 0,
            "offset": 0
          }
        },
        {
          "biome": "minecraft:plains",
          "parameters": {
            "temperature": [
              -0.5,
              0.5
            ],
            "humidity": 0,
            "continentalness": 0,
            "erosion": 0,
            "weirdness": 0,
            "depth": 0,
            "offset": 0
          }
        },
        {
          "biome": "dimtest:flower_forest",
          "parameters": {
            "temperature": [
              -1,
              -0.5
            ],
            "humidity": 0,
            "continentalness": 0,
            "erosion": 0,
            "weirdness": 0,
            "depth": 0,
            "offset": 0
          }
        }
      ]
    }
  }
}