{
  "variants": {
    "facing=north,part=foot": {
      "model": "bitacu:block/bed", "y": 180
    },
    "facing=east,part=foot": {
      "model": "bitacu:block/bed", "y": 270
    },
    "facing=south,part=foot": {
      "model": "bitacu:block/wooden_bed_with_cube"
    },
    "facing=west,part=foot": {
      "model": "bitacu:block/bed3d", "y": 90
    },
    "facing=north,part=head": {
      "model": "bitacu:block/bed", "y": 180
    },
    "facing=east,part=head": {
      "model": "bitacu:block/bed", "y": 270
    },
    "facing=south,part=head": {
      "model": "bitacu:block/wooden_bed_with_cube"
    },
    "facing=west,part=head": {
      "model": "bitacu:block/bed3d", "y": 90
    }
  }
}