{
  "display": {
    "icon": {
      "item": "minecraft:dirt"
    },
    "title": "Un membre actif !",
    "description": "Restez sur le serveur pendant 10 heures",
    "show_toast": true,
    "announce_to_chat": true,
    "hidden": false
  },
  "parent": "cornicraft_core:cornicraft/root",
  "criteria": {
    "requirement": {
      "trigger": "minecraft:tick",
      "conditions": {
        "player": [
          {
            "condition": "minecraft:entity_properties",
            "entity": "this",
            "predicate": {
              "player": {
                "stats": [
                  {
                    "type": "minecraft:custom",
                    "stat": "minecraft:play_time",
                    "value": {
                      "min": 720000
                    }
                  }
                ]
              }
            }
          }
        ]
      }
    }
  }
}
