{
  "display": {
    "icon": {
      "item": "minecraft:dirt"
    },
    "title": "Un réveil explosif !",
    "description": "Dormir dans le Nether ou l'End",
    "show_toast": true,
    "announce_to_chat": true,
    "hidden": false
  },
  "parent": "cornicraft_core:cornicraft/root",
  "criteria": {
    "sleep_in_nether": {
      "trigger": "minecraft:entity_hurt_player",
      "conditions": {
        "player": [
          {
            "condition": "minecraft:entity_properties",
            "entity": "this"
          }
        ],
        "damage": {
          "source_entity": {
            "type": "minecraft:tnt"
          }
        }
      }
    }
  },
  "requirements": [
    [
      "sleep_in_nether"
    ]
  ]
}
