{
  "display": {
    "icon": {
      "item": "minecraft:iron_sword"
    },
    "title": "Premier sang",
    "description": "Tuez un joueur",
    "show_toast": true,
    "announce_to_chat": true,
    "hidden": false
  },
  "parent": "cornicraft_core:cornicraft/root",
  "criteria": {
    "kill_player": {
      "trigger": "minecraft:player_killed_entity",
      "conditions": {
        "entity": {
          "type": "minecraft:player"
        }
      }
    }
  },
  "requirements": [
    [
      "kill_player"
    ]
  ]
}
