{
  "display": {
    "icon": {
      "item": "minecraft:skeleton_skull"
    },
    "title": "Il y a un debût a tous...",
    "description": "Mourir pour la premiere fois",
    "show_toast": true,
    "announce_to_chat": true,
    "hidden": false
  },
  "parent": "cornicraft_core:cornicraft/root",
  "criteria": {
    "player_die": {
      "trigger": "minecraft:tick",
      "conditions": {
        "player": [
          {
            "condition": "minecraft:entity_properties",
            "entity": "this",
            "predicate": {
              "type": "minecraft:player",
              "type_specific": {
                "type": "player",
                "stats": [
                  {
                    "type": "minecraft:custom",
                    "stat": "minecraft:deaths",
                    "value": {
                      "min": 1
                    }
                  }
                ]
              }
            }
          }
        ]
      }
    }
  },
  "requirements": [
    [
      "player_die"
    ]
  ]
}
