{
  "display": {
    "icon": {
      "item": "minecraft:copper_block"
    },
    "title": "LightBringer",
    "description": "Mourir par de la foudre",
    "show_toast": true,
    "announce_to_chat": true,
    "hidden": false
  },
  "parent": "cornicraft_core:cornicraft/root",
  "criteria": {
    "lightning_death": {
      "trigger": "minecraft:lightning_strike",
      "conditions": {
        "player": [
          {
            "condition": "minecraft:entity_properties",
            "entity": "this",
            "predicate": {
              "player": {
                "stats": [
                  {
                    "type": "minecraft:killed_by",
                    "stat": "minecraft:lightning_bolt"
                  }
                ]
              }
            }
          }
        ],
        "bystander": []
      }
    }
  },
  "requirements": [
    [
      "lightning_death"
    ]
  ]
}
