{
  "display": {
    "icon": {
      "item": "minecraft:trident",
      "nbt": "{Enchantments:[{id:\"minecraft:riptide\"}]}"
    },
    "title": "Partir là bas",
    "description": "Jouez avec l'outil du roi des mers",
    "frame": "challenge",
    "show_toast": true,
    "announce_to_chat": true,
    "hidden": false
  },
  "parent": "cornicraft_core:cornicraft/root",
  "criteria": {
    "trident_used": {
      "trigger": "minecraft:using_item",
      "conditions": {
        "item": {
          "items": [
            "minecraft:trident"
          ],
          "enchantments": [
            {
              "enchantment": "minecraft:riptide"
            }
          ]
        }
      }
    }
  },
  "requirements": [
    [
      "trident_used"
    ]
  ]
}
