{
  "display": {
    "icon": {
      "item": "minecraft:white_bed"
    },
    "title": "Alpiniste professionnel",
    "description": "Monter au niveau le plus haut de Minecraft et dormer",
    "frame": "goal",
    "show_toast": true,
    "announce_to_chat": true,
    "hidden": false
  },
  "parent": "cornicraft_core:cornicraft/root",
  "criteria": {
    "sleep_in_the_cloud": {
      "trigger": "minecraft:slept_in_bed",
      "conditions": {
        "player": {
          "location": {
            "position": {
              "y": {
                "min": 319,
                "max": 320
              }
            },
            "dimension": "minecraft:overworld"
          }
        }
      }
    }
  },
  "requirements": [
    [
      "sleep_in_the_cloud"
    ]
  ]
}