{
  "display": {
    "icon": {
      "item": "minecraft:totem_of_undying"
    },
    "title": "Le maillon faible",
    "description": "Mourir souvent.",
    "show_toast": true,
    "announce_to_chat": true,
    "hidden": false
  },
  "parent": "cornicraft_core:cornicraft/root",
  "criteria": {
    "player_die": {
      "trigger": "minecraft:tick",
      "conditions": {
        "player": [
          {
            "condition": "minecraft:entity_scores",
            "entity": "this",
            "scores": {
              "deathCount": {
                "min": 20,
                "max": 255
              }
            }
          }
        ]
      }
    }
  },
	"requirements": [
    [
      "player_die"
    ]
  ]
}