{
  "display": {
    "icon": {
      "item": "minecraft:tnt"
    },
    "title": "P-Pourquoi vous avez ca?",
    "description": "Fabriquez une TNT",
    "show_toast": true,
    "announce_to_chat": true,
    "hidden": false
  },
  "parent": "cornicraft_core:cornicraft/root",
  "criteria": {
    "Obtain_a_TNT": {
      "trigger": "minecraft:inventory_changed",
      "conditions": {
        "player": [
          {
            "condition": "minecraft:entity_properties",
            "entity": "this",
            "predicate": {
              "type": "minecraft:player",
              "type_specific": {
                "type": "player",
                "stats": [
                  {
                    "type": "minecraft:crafted",
                    "stat": "minecraft:tnt",
                    "value": {
                      "min": 1,
                      "max": 255
                    }
                  }
                ]
              }
            }
          }
        ],
        "items": [
          {
            "items": [
              "minecraft:tnt"
            ]
          }
        ]
      }
    }
  },
  "requirements": [
    [
      "Obtain_a_TNT"
    ]
  ]
}
