{
  "ore_veins_enabled": false,
  "noodle_caves_enabled": false,
  "legacy_random_source": false,
  "disable_mob_generation": false,
  "aquifers_enabled": false,
  "noise_caves_enabled": false,
  "default_block": {
    "Name": "minecraft:stone"
  },
  "default_fluid": {
    "Name": "minecraft:empty"
  },
  "surface_rule": {
    "type": "minecraft:sequence",
    "sequence": []
  },
  "sea_level": 63,
  "structures": {
    "stronghold": {
      "distance": 32,
      "spread": 3,
      "count": 128
    },
    "structures": {}
  },
  "noise": {
    "terrain_shaper": {
      "offset": {
        "coordinate": "continents",
        "points": [
          {
            "location": 0.25,
            "value": {
              "coordinate": "erosion",
              "points": [
                {
                  "location": -0.7,
                  "value": {
                    "coordinate": "ridges",
                    "points": [
                      {
                        "location": 0.0,
                        "value": 0.44682026,
                        "derivative": 0.43317974
                      },
                      {
                        "location": 1.0,
                        "value": 0.88,
                        "derivative": 0.43317974
                      }
                    ]
                  },
                  "derivative": 0.0
                },
                {
                  "location": -0.4,
                  "value": {
                    "coordinate": "ridges",
                    "points": [
                      {
                        "location": 0.0,
                        "value": 0.30829495,
                        "derivative": 0.3917051
                      },
                      {
                        "location": 1.0,
                        "value": 0.70000005,
                        "derivative": 0.3917051
                      }
                    ]
                  },
                  "derivative": 0.0
                }
              ]
            },
            "derivative": 0.0
          },
          {
            "location": 1.0,
            "value": {
              "coordinate": "erosion",
              "points": [
                {
                  "location": -0.4,
                  "value": {
                    "coordinate": "ridges",
                    "points": [
                      {
                        "location": 0.0,
                        "value": 0.5391705,
                        "derivative": 0.4608295
                      }
                    ]
                  },
                  "derivative": 0.0
                }
              ]
            },
            "derivative": 0.0
          }
        ]
      },
      "factor": 6.3,
      "jaggedness": {
        "coordinate": "continents",
        "points": [
          {
            "location": -0.11,
            "value": 0.0,
            "derivative": 0.0
          },
          {
            "location": 0.65,
            "value": {
              "coordinate": "erosion",
              "points": [
                {
                  "location": -0.5775,
                  "value": {
                    "coordinate": "ridges",
                    "points": [
                      {
                        "location": 0.19999999,
                        "value": 0.0,
                        "derivative": 0.0
                      },
                      {
                        "location": 1.0,
                        "value": {
                          "coordinate": "weirdness",
                          "points": [
                            {
                              "location": -0.01,
                              "value": 0.63,
                              "derivative": 0.0
                            },
                            {
                              "location": 0.01,
                              "value": 0.3,
                              "derivative": 0.0
                            }
                          ]
                        },
                        "derivative": 0.0
                      }
                    ]
                  },
                  "derivative": 0.0
                },
                {
                  "location": -0.375,
                  "value": 0.0,
                  "derivative": 0.0
                }
              ]
            },
            "derivative": 0.0
          }
        ]
      }
    },
    "size_horizontal": 1,
    "size_vertical": 2,
    "sampling": {
      "xz_scale": 1.0,
      "y_scale": 1.0,
      "xz_factor": 80.0,
      "y_factor": 160.0
    },
    "top_slide": {
      "target": -0.078125,
      "size": 2,
      "offset": 8
    },
    "bottom_slide": {
      "target": 0.4,
      "size": 3,
      "offset": 0
    },
    "min_y": -64,
    "height": 384
  }
}