{
  "ore_veins_enabled": true,
  "noodle_caves_enabled": true,
  "legacy_random_source": false,
  "disable_mob_generation": false,
  "aquifers_enabled": true,
  "noise_caves_enabled": true,
  "default_block": {
    "Name": "minecraft:stone"
  },
  "default_fluid": {
    "Properties": {
      "level": "0"
    },
    "Name": "minecraft:water"
  },
  "surface_rule": {
    "type": "minecraft:sequence",
    "sequence": []
  },
  "sea_level": 63,
  "structures": {
    "stronghold": {
      "distance": 32,
      "spread": 3,
      "count": 128
    },
    "structures": {}
  },
  "noise": {
    "terrain_shaper": {
      "offset": {
        "coordinate": "continents",
        "points": [
          {
            "location": -1.1,
            "value": 0.044,
            "derivative": 0.0
          },
          {
            "location": -1.02,
            "value": -0.2222,
            "derivative": 0.0
          },
          {
            "location": -0.51,
            "value": -0.2222,
            "derivative": 0.0
          },
          {
            "location": -0.44,
            "value": -0.12,
            "derivative": 0.0
          },
          {
            "location": -0.18,
            "value": -0.12,
            "derivative": 0.0
          },
          {
            "location": -0.16,
            "value": {
              "coordinate": "erosion",
              "points": [
                {
                  "location": -0.85,
                  "value": {
                    "coordinate": "ridges",
                    "points": [
                      {
                        "location": -1.0,
                        "value": -0.08880186,
                        "derivative": 0.38940096
                      },
                      {
                        "location": 1.0,
                        "value": 0.69000006,
                        "derivative": 0.38940096
                      }
                    ]
                  },
                  "derivative": 0.0
                },
                {
                  "location": -0.7,
                  "value": {
                    "coordinate": "ridges",
                    "points": [
                      {
                        "location": -1.0,
                        "value": -0.115760356,
                        "derivative": 0.37788022
                      },
                      {
                        "location": 1.0,
                        "value": 0.6400001,
                        "derivative": 0.37788022
                      }
                    ]
                  },
                  "derivative": 0.0
                },
                {
                  "location": -0.4,
                  "value": {
                    "coordinate": "ridges",
                    "points": [
                      {
                        "location": -1.0,
                        "value": -0.2222,
                        "derivative": 0.0
                      },
                      {
                        "location": -0.75,
                        "value": -0.2222,
                        "derivative": 0.0
                      },
                      {
                        "location": -0.65,
                        "value": 0.0,
                        "derivative": 0.0
                      },
                      {
                        "location": 0.5954547,
                        "value": 2.9802322E-8,
                        "derivative": 0.0
                      },
                      {
                        "location": 0.6054547,
                        "value": 2.9802322E-8,
                        "derivative": 0.2534563
                      },
                      {
                        "location": 1.0,
                        "value": 0.100000024,
                        "derivative": 0.2534563
                      }
                    ]
                  },
                  "derivative": 0.0
                },
                {
                  "location": -0.35,
                  "value": {
                    "coordinate": "ridges",
                    "points": [
                      {
                        "location": -1.0,
                        "value": -0.3,
                        "derivative": 0.5
                      },
                      {
                        "location": -0.4,
                        "value": 0.05,
                        "derivative": 0.0
                      },
                      {
                        "location": 0.0,
                        "value": 0.05,
                        "derivative": 0.0
                      },
                      {
                        "location": 0.4,
                        "value": 0.05,
                        "derivative": 0.0
                      },
                      {
                        "location": 1.0,
                        "value": 0.060000002,
                        "derivative": 0.007000001
                      }
                    ]
                  },
                  "derivative": 0.0
                },
                {
                  "location": -0.1,
                  "value": {
                    "coordinate": "ridges",
                    "points": [
                      {
                        "location": -1.0,
                        "value": -0.15,
                        "derivative": 0.5
                      },
                      {
                        "location": -0.4,
                        "value": 0.0,
                        "derivative": 0.0
                      },
                      {
                        "location": 0.0,
                        "value": 0.0,
                        "derivative": 0.0
                      },
                      {
                        "location": 0.4,
                        "value": 0.05,
                        "derivative": 0.1
                      },
                      {
                        "location": 1.0,
                        "value": 0.060000002,
                        "derivative": 0.007000001
                      }
                    ]
                  },
                  "derivative": 0.0
                },
                {
                  "location": 0.2,
                  "value": {
                    "coordinate": "ridges",
                    "points": [
                      {
                        "location": -1.0,
                        "value": -0.15,
                        "derivative": 0.5
                      },
                      {
                        "location": -0.4,
                        "value": 0.0,
                        "derivative": 0.0
                      },
                      {
                        "location": 0.0,
                        "value": 0.0,
                        "derivative": 0.0
                      },
                      {
                        "location": 0.4,
                        "value": 0.0,
                        "derivative": 0.0
                      },
                      {
                        "location": 1.0,
                        "value": 0.0,
                        "derivative": 0.0
                      }
                    ]
                  },
                  "derivative": 0.0
                },
                {
                  "location": 0.7,
                  "value": {
                    "coordinate": "ridges",
                    "points": [
                      {
                        "location": -1.0,
                        "value": -0.02,
                        "derivative": 0.0
                      },
                      {
                        "location": -0.4,
                        "value": -0.03,
                        "derivative": 0.0
                      },
                      {
                        "location": 0.0,
                        "value": -0.03,
                        "derivative": 0.0
                      },
                      {
                        "location": 0.4,
                        "value": 0.0,
                        "derivative": 0.06
                      },
                      {
                        "location": 1.0,
                        "value": 0.0,
                        "derivative": 0.0
                      }
                    ]
                  },
                  "derivative": 0.0
                }
              ]
            },
            "derivative": 0.0
          },
          {
            "location": -0.15,
            "value": {
              "coordinate": "erosion",
              "points": [
                {
                  "location": -0.85,
                  "value": {
                    "coordinate": "ridges",
                    "points": [
                      {
                        "location": -1.0,
                        "value": -0.08880186,
                        "derivative": 0.38940096
                      },
                      {
                        "location": 1.0,
                        "value": 0.69000006,
                        "derivative": 0.38940096
                      }
                    ]
                  },
                  "derivative": 0.0
                },
                {
                  "location": -0.7,
                  "value": {
                    "coordinate": "ridges",
                    "points": [
                      {
                        "location": -1.0,
                        "value": -0.115760356,
                        "derivative": 0.37788022
                      },
                      {
                        "location": 1.0,
                        "value": 0.6400001,
                        "derivative": 0.37788022
                      }
                    ]
                  },
                  "derivative": 0.0
                },
                {
                  "location": -0.4,
                  "value": {
                    "coordinate": "ridges",
                    "points": [
                      {
                        "location": -1.0,
                        "value": -0.2222,
                        "derivative": 0.0
                      },
                      {
                        "location": -0.75,
                        "value": -0.2222,
                        "derivative": 0.0
                      },
                      {
                        "location": -0.65,
                        "value": 0.0,
                        "derivative": 0.0
                      },
                      {
                        "location": 0.5954547,
                        "value": 2.9802322E-8,
                        "derivative": 0.0
                      },
                      {
                        "location": 0.6054547,
                        "value": 2.9802322E-8,
                        "derivative": 0.2534563
                      },
                      {
                        "location": 1.0,
                        "value": 0.100000024,
                        "derivative": 0.2534563
                      }
                    ]
                  },
                  "derivative": 0.0
                },
                {
                  "location": -0.35,
                  "value": {
                    "coordinate": "ridges",
                    "points": [
                      {
                        "location": -1.0,
                        "value": -0.3,
                        "derivative": 0.5
                      },
                      {
                        "location": -0.4,
                        "value": 0.05,
                        "derivative": 0.0
                      },
                      {
                        "location": 0.0,
                        "value": 0.05,
                        "derivative": 0.0
                      },
                      {
                        "location": 0.4,
                        "value": 0.05,
                        "derivative": 0.0
                      },
                      {
                        "location": 1.0,
                        "value": 0.060000002,
                        "derivative": 0.007000001
                      }
                    ]
                  },
                  "derivative": 0.0
                },
                {
                  "location": -0.1,
                  "value": {
                    "coordinate": "ridges",
                    "points": [
                      {
                        "location": -1.0,
                        "value": -0.15,
                        "derivative": 0.5
                      },
                      {
                        "location": -0.4,
                        "value": 0.0,
                        "derivative": 0.0
                      },
                      {
                        "location": 0.0,
                        "value": 0.0,
                        "derivative": 0.0
                      },
                      {
                        "location": 0.4,
                        "value": 0.05,
                        "derivative": 0.1
                      },
                      {
                        "location": 1.0,
                        "value": 0.060000002,
                        "derivative": 0.007000001
                      }
                    ]
                  },
                  "derivative": 0.0
                },
                {
                  "location": 0.2,
                  "value": {
                    "coordinate": "ridges",
                    "points": [
                      {
                        "location": -1.0,
                        "value": -0.15,
                        "derivative": 0.5
                      },
                      {
                        "location": -0.4,
                        "value": 0.0,
                        "derivative": 0.0
                      },
                      {
                        "location": 0.0,
                        "value": 0.0,
                        "derivative": 0.0
                      },
                      {
                        "location": 0.4,
                        "value": 0.0,
                        "derivative": 0.0
                      },
                      {
                        "location": 1.0,
                        "value": 0.0,
                        "derivative": 0.0
                      }
                    ]
                  },
                  "derivative": 0.0
                },
                {
                  "location": 0.7,
                  "value": {
                    "coordinate": "ridges",
                    "points": [
                      {
                        "location": -1.0,
                        "value": -0.02,
                        "derivative": 0.0
                      },
                      {
                        "location": -0.4,
                        "value": -0.03,
                        "derivative": 0.0
                      },
                      {
                        "location": 0.0,
                        "value": -0.03,
                        "derivative": 0.0
                      },
                      {
                        "location": 0.4,
                        "value": 0.0,
                        "derivative": 0.06
                      },
                      {
                        "location": 1.0,
                        "value": 0.0,
                        "derivative": 0.0
                      }
                    ]
                  },
                  "derivative": 0.0
                }
              ]
            },
            "derivative": 0.0
          },
          {
            "location": -0.1,
            "value": {
              "coordinate": "erosion",
              "points": [
                {
                  "location": -0.85,
                  "value": {
                    "coordinate": "ridges",
                    "points": [
                      {
                        "location": -1.0,
                        "value": -0.08880186,
                        "derivative": 0.38940096
                      },
                      {
                        "location": 1.0,
                        "value": 0.69000006,
                        "derivative": 0.38940096
                      }
                    ]
                  },
                  "derivative": 0.0
                },
                {
                  "location": -0.7,
                  "value": {
                    "coordinate": "ridges",
                    "points": [
                      {
                        "location": -1.0,
                        "value": -0.115760356,
                        "derivative": 0.37788022
                      },
                      {
                        "location": 1.0,
                        "value": 0.6400001,
                        "derivative": 0.37788022
                      }
                    ]
                  },
                  "derivative": 0.0
                },
                {
                  "location": -0.4,
                  "value": {
                    "coordinate": "ridges",
                    "points": [
                      {
                        "location": -1.0,
                        "value": -0.2222,
                        "derivative": 0.0
                      },
                      {
                        "location": -0.75,
                        "value": -0.2222,
                        "derivative": 0.0
                      },
                      {
                        "location": -0.65,
                        "value": 0.0,
                        "derivative": 0.0
                      },
                      {
                        "location": 0.5954547,
                        "value": 2.9802322E-8,
                        "derivative": 0.0
                      },
                      {
                        "location": 0.6054547,
                        "value": 2.9802322E-8,
                        "derivative": 0.2534563
                      },
                      {
                        "location": 1.0,
                        "value": 0.100000024,
                        "derivative": 0.2534563
                      }
                    ]
                  },
                  "derivative": 0.0
                },
                {
                  "location": -0.35,
                  "value": {
                    "coordinate": "ridges",
                    "points": [
                      {
                        "location": -1.0,
                        "value": -0.25,
                        "derivative": 0.5
                      },
                      {
                        "location": -0.4,
                        "value": 0.05,
                        "derivative": 0.0
                      },
                      {
                        "location": 0.0,
                        "value": 0.05,
                        "derivative": 0.0
                      },
                      {
                        "location": 0.4,
                        "value": 0.05,
                        "derivative": 0.0
                      },
                      {
                        "location": 1.0,
                        "value": 0.060000002,
                        "derivative": 0.007000001
                      }
                    ]
                  },
                  "derivative": 0.0
                },
                {
                  "location": -0.1,
                  "value": {
                    "coordinate": "ridges",
                    "points": [
                      {
                        "location": -1.0,
                        "value": -0.1,
                        "derivative": 0.5
                      },
                      {
                        "location": -0.4,
                        "value": 0.001,
                        "derivative": 0.01
                      },
                      {
                        "location": 0.0,
                        "value": 0.003,
                        "derivative": 0.01
                      },
                      {
                        "location": 0.4,
                        "value": 0.05,
                        "derivative": 0.094000004
                      },
                      {
                        "location": 1.0,
                        "value": 0.060000002,
                        "derivative": 0.007000001
                      }
                    ]
                  },
                  "derivative": 0.0
                },
                {
                  "location": 0.2,
                  "value": {
                    "coordinate": "ridges",
                    "points": [
                      {
                        "location": -1.0,
                        "value": -0.1,
                        "derivative": 0.5
                      },
                      {
                        "location": -0.4,
                        "value": 0.01,
                        "derivative": 0.0
                      },
                      {
                        "location": 0.0,
                        "value": 0.01,
                        "derivative": 0.0
                      },
                      {
                        "location": 0.4,
                        "value": 0.03,
                        "derivative": 0.04
                      },
                      {
                        "location": 1.0,
                        "value": 0.1,
                        "derivative": 0.049
                      }
                    ]
                  },
                  "derivative": 0.0
                },
                {
                  "location": 0.7,
                  "value": {
                    "coordinate": "ridges",
                    "points": [
                      {
                        "location": -1.0,
                        "value": -0.02,
                        "derivative": 0.0
                      },
                      {
                        "location": -0.4,
                        "value": -0.03,
                        "derivative": 0.0
                      },
                      {
                        "location": 0.0,
                        "value": -0.03,
                        "derivative": 0.0
                      },
                      {
                        "location": 0.4,
                        "value": 0.03,
                        "derivative": 0.12
                      },
                      {
                        "location": 1.0,
                        "value": 0.1,
                        "derivative": 0.049
                      }
                    ]
                  },
                  "derivative": 0.0
                }
              ]
            },
            "derivative": 0.0
          },
          {
            "location": 0.25,
            "value": {
              "coordinate": "erosion",
              "points": [
                {
                  "location": -0.85,
                  "value": {
                    "coordinate": "ridges",
                    "points": [
                      {
                        "location": -1.0,
                        "value": 0.20235021,
                        "derivative": 0.0
                      },
                      {
                        "location": 0.0,
                        "value": 0.7161751,
                        "derivative": 0.5138249
                      },
                      {
                        "location": 1.0,
                        "value": 1.23,
                        "derivative": 0.5138249
                      }
                    ]
                  },
                  "derivative": 0.0
                },
                {
                  "location": -0.7,
                  "value": {
                    "coordinate": "ridges",
                    "points": [
                      {
                        "location": -1.0,
                        "value": 0.2,
                        "derivative": 0.0
                      },
                      {
                        "location": 0.0,
                        "value": 0.44682026,
                        "derivative": 0.43317974
                      },
                      {
                        "location": 1.0,
                        "value": 0.88,
                        "derivative": 0.43317974
                      }
                    ]
                  },
                  "derivative": 0.0
                },
                {
                  "location": -0.4,
                  "value": {
                    "coordinate": "ridges",
                    "points": [
                      {
                        "location": -1.0,
                        "value": 0.2,
                        "derivative": 0.0
                      },
                      {
                        "location": 0.0,
                        "value": 0.30829495,
                        "derivative": 0.3917051
                      },
                      {
                        "location": 1.0,
                        "value": 0.70000005,
                        "derivative": 0.3917051
                      }
                    ]
                  },
                  "derivative": 0.0
                },
                {
                  "location": -0.35,
                  "value": {
                    "coordinate": "ridges",
                    "points": [
                      {
                        "location": -1.0,
                        "value": -0.25,
                        "derivative": 0.5
                      },
                      {
                        "location": -0.4,
                        "value": 0.35,
                        "derivative": 0.0
                      },
                      {
                        "location": 0.0,
                        "value": 0.35,
                        "derivative": 0.0
                      },
                      {
                        "location": 0.4,
                        "value": 0.35,
                        "derivative": 0.0
                      },
                      {
                        "location": 1.0,
                        "value": 0.42000002,
                        "derivative": 0.049000014
                      }
                    ]
                  },
                  "derivative": 0.0
                },
                {
                  "location": -0.1,
                  "value": {
                    "coordinate": "ridges",
                    "points": [
                      {
                        "location": -1.0,
                        "value": -0.1,
                        "derivative": 0.5
                      },
                      {
                        "location": -0.4,
                        "value": 0.0069999998,
                        "derivative": 0.07
                      },
                      {
                        "location": 0.0,
                        "value": 0.021,
                        "derivative": 0.07
                      },
                      {
                        "location": 0.4,
                        "value": 0.35,
                        "derivative": 0.658
                      },
                      {
                        "location": 1.0,
                        "value": 0.42000002,
                        "derivative": 0.049000014
                      }
                    ]
                  },
                  "derivative": 0.0
                },
                {
                  "location": 0.2,
                  "value": {
                    "coordinate": "ridges",
                    "points": [
                      {
                        "location": -1.0,
                        "value": -0.1,
                        "derivative": 0.5
                      },
                      {
                        "location": -0.4,
                        "value": 0.01,
                        "derivative": 0.0
                      },
                      {
                        "location": 0.0,
                        "value": 0.01,
                        "derivative": 0.0
                      },
                      {
                        "location": 0.4,
                        "value": 0.03,
                        "derivative": 0.04
                      },
                      {
                        "location": 1.0,
                        "value": 0.1,
                        "derivative": 0.049
                      }
                    ]
                  },
                  "derivative": 0.0
                },
                {
                  "location": 0.4,
                  "value": {
                    "coordinate": "ridges",
                    "points": [
                      {
                        "location": -1.0,
                        "value": -0.1,
                        "derivative": 0.5
                      },
                      {
                        "location": -0.4,
                        "value": 0.01,
                        "derivative": 0.0
                      },
                      {
                        "location": 0.0,
                        "value": 0.01,
                        "derivative": 0.0
                      },
                      {
                        "location": 0.4,
                        "value": 0.03,
                        "derivative": 0.04
                      },
                      {
                        "location": 1.0,
                        "value": 0.1,
                        "derivative": 0.049
                      }
                    ]
                  },
                  "derivative": 0.0
                },
                {
                  "location": 0.45,
                  "value": {
                    "coordinate": "ridges",
                    "points": [
                      {
                        "location": -1.0,
                        "value": -0.1,
                        "derivative": 0.0
                      },
                      {
                        "location": -0.4,
                        "value": {
                          "coordinate": "ridges",
                          "points": [
                            {
                              "location": -1.0,
                              "value": -0.1,
                              "derivative": 0.5
                            },
                            {
                              "location": -0.4,
                              "value": 0.01,
                              "derivative": 0.0
                            },
                            {
                              "location": 0.0,
                              "value": 0.01,
                              "derivative": 0.0
                            },
                            {
                              "location": 0.4,
                              "value": 0.03,
                              "derivative": 0.04
                            },
                            {
                              "location": 1.0,
                              "value": 0.1,
                              "derivative": 0.049
                            }
                          ]
                        },
                        "derivative": 0.0
                      },
                      {
                        "location": 0.0,
                        "value": 0.17,
                        "derivative": 0.0
                      }
                    ]
                  },
                  "derivative": 0.0
                },
                {
                  "location": 0.55,
                  "value": {
                    "coordinate": "ridges",
                    "points": [
                      {
                        "location": -1.0,
                        "value": -0.1,
                        "derivative": 0.0
                      },
                      {
                        "location": -0.4,
                        "value": {
                          "coordinate": "ridges",
                          "points": [
                            {
                              "location": -1.0,
                              "value": -0.1,
                              "derivative": 0.5
                            },
                            {
                              "location": -0.4,
                              "value": 0.01,
                              "derivative": 0.0
                            },
                            {
                              "location": 0.0,
                              "value": 0.01,
                              "derivative": 0.0
                            },
                            {
                              "location": 0.4,
                              "value": 0.03,
                              "derivative": 0.04
                            },
                            {
                              "location": 1.0,
                              "value": 0.1,
                              "derivative": 0.049
                            }
                          ]
                        },
                        "derivative": 0.0
                      },
                      {
                        "location": 0.0,
                        "value": 0.17,
                        "derivative": 0.0
                      }
                    ]
                  },
                  "derivative": 0.0
                },
                {
                  "location": 0.58,
                  "value": {
                    "coordinate": "ridges",
                    "points": [
                      {
                        "location": -1.0,
                        "value": -0.1,
                        "derivative": 0.5
                      },
                      {
                        "location": -0.4,
                        "value": 0.01,
                        "derivative": 0.0
                      },
                      {
                        "location": 0.0,
                        "value": 0.01,
                        "derivative": 0.0
                      },
                      {
                        "location": 0.4,
                        "value": 0.03,
                        "derivative": 0.04
                      },
                      {
                        "location": 1.0,
                        "value": 0.1,
                        "derivative": 0.049
                      }
                    ]
                  },
                  "derivative": 0.0
                },
                {
                  "location": 0.7,
                  "value": {
                    "coordinate": "ridges",
                    "points": [
                      {
                        "location": -1.0,
                        "value": -0.02,
                        "derivative": 0.0
                      },
                      {
                        "location": -0.4,
                        "value": -0.03,
                        "derivative": 0.0
                      },
                      {
                        "location": 0.0,
                        "value": -0.03,
                        "derivative": 0.0
                      },
                      {
                        "location": 0.4,
                        "value": 0.03,
                        "derivative": 0.12
                      },
                      {
                        "location": 1.0,
                        "value": 0.1,
                        "derivative": 0.049
                      }
                    ]
                  },
                  "derivative": 0.0
                }
              ]
            },
            "derivative": 0.0
          },
          {
            "location": 1.0,
            "value": {
              "coordinate": "erosion",
              "points": [
                {
                  "location": -0.85,
                  "value": {
                    "coordinate": "ridges",
                    "points": [
                      {
                        "location": -1.0,
                        "value": 0.34792626,
                        "derivative": 0.0
                      },
                      {
                        "location": 0.0,
                        "value": 0.9239631,
                        "derivative": 0.5760369
                      },
                      {
                        "location": 1.0,
                        "value": 1.5,
                        "derivative": 0.5760369
                      }
                    ]
                  },
                  "derivative": 0.0
                },
                {
                  "location": -0.7,
                  "value": {
                    "coordinate": "ridges",
                    "points": [
                      {
                        "location": -1.0,
                        "value": 0.2,
                        "derivative": 0.0
                      },
                      {
                        "location": 0.0,
                        "value": 0.5391705,
                        "derivative": 0.4608295
                      },
                      {
                        "location": 1.0,
                        "value": 1.0,
                        "derivative": 0.4608295
                      }
                    ]
                  },
                  "derivative": 0.0
                },
                {
                  "location": -0.4,
                  "value": {
                    "coordinate": "ridges",
                    "points": [
                      {
                        "location": -1.0,
                        "value": 0.2,
                        "derivative": 0.0
                      },
                      {
                        "location": 0.0,
                        "value": 0.5391705,
                        "derivative": 0.4608295
                      },
                      {
                        "location": 1.0,
                        "value": 1.0,
                        "derivative": 0.4608295
                      }
                    ]
                  },
                  "derivative": 0.0
                },
                {
                  "location": -0.35,
                  "value": {
                    "coordinate": "ridges",
                    "points": [
                      {
                        "location": -1.0,
                        "value": -0.2,
                        "derivative": 0.5
                      },
                      {
                        "location": -0.4,
                        "value": 0.5,
                        "derivative": 0.0
                      },
                      {
                        "location": 0.0,
                        "value": 0.5,
                        "derivative": 0.0
                      },
                      {
                        "location": 0.4,
                        "value": 0.5,
                        "derivative": 0.0
                      },
                      {
                        "location": 1.0,
                        "value": 0.6,
                        "derivative": 0.070000015
                      }
                    ]
                  },
                  "derivative": 0.0
                },
                {
                  "location": -0.1,
                  "value": {
                    "coordinate": "ridges",
                    "points": [
                      {
                        "location": -1.0,
                        "value": -0.05,
                        "derivative": 0.5
                      },
                      {
                        "location": -0.4,
                        "value": 0.01,
                        "derivative": 0.099999994
                      },
                      {
                        "location": 0.0,
                        "value": 0.03,
                        "derivative": 0.099999994
                      },
                      {
                        "location": 0.4,
                        "value": 0.5,
                        "derivative": 0.94
                      },
                      {
                        "location": 1.0,
                        "value": 0.6,
                        "derivative": 0.070000015
                      }
                    ]
                  },
                  "derivative": 0.0
                },
                {
                  "location": 0.2,
                  "value": {
                    "coordinate": "ridges",
                    "points": [
                      {
                        "location": -1.0,
                        "value": -0.05,
                        "derivative": 0.5
                      },
                      {
                        "location": -0.4,
                        "value": 0.01,
                        "derivative": 0.0
                      },
                      {
                        "location": 0.0,
                        "value": 0.01,
                        "derivative": 0.0
                      },
                      {
                        "location": 0.4,
                        "value": 0.03,
                        "derivative": 0.04
                      },
                      {
                        "location": 1.0,
                        "value": 0.1,
                        "derivative": 0.049
                      }
                    ]
                  },
                  "derivative": 0.0
                },
                {
                  "location": 0.4,
                  "value": {
                    "coordinate": "ridges",
                    "points": [
                      {
                        "location": -1.0,
                        "value": -0.05,
                        "derivative": 0.5
                      },
                      {
                        "location": -0.4,
                        "value": 0.01,
                        "derivative": 0.0
                      },
                      {
                        "location": 0.0,
                        "value": 0.01,
                        "derivative": 0.0
                      },
                      {
                        "location": 0.4,
                        "value": 0.03,
                        "derivative": 0.04
                      },
                      {
                        "location": 1.0,
                        "value": 0.1,
                        "derivative": 0.049
                      }
                    ]
                  },
                  "derivative": 0.0
                },
                {
                  "location": 0.45,
                  "value": {
                    "coordinate": "ridges",
                    "points": [
                      {
                        "location": -1.0,
                        "value": -0.05,
                        "derivative": 0.0
                      },
                      {
                        "location": -0.4,
                        "value": {
                          "coordinate": "ridges",
                          "points": [
                            {
                              "location": -1.0,
                              "value": -0.05,
                              "derivative": 0.5
                            },
                            {
                              "location": -0.4,
                              "value": 0.01,
                              "derivative": 0.0
                            },
                            {
                              "location": 0.0,
                              "value": 0.01,
                              "derivative": 0.0
                            },
                            {
                              "location": 0.4,
                              "value": 0.03,
                              "derivative": 0.04
                            },
                            {
                              "location": 1.0,
                              "value": 0.1,
                              "derivative": 0.049
                            }
                          ]
                        },
                        "derivative": 0.0
                      },
                      {
                        "location": 0.0,
                        "value": 0.17,
                        "derivative": 0.0
                      }
                    ]
                  },
                  "derivative": 0.0
                },
                {
                  "location": 0.55,
                  "value": {
                    "coordinate": "ridges",
                    "points": [
                      {
                        "location": -1.0,
                        "value": -0.05,
                        "derivative": 0.0
                      },
                      {
                        "location": -0.4,
                        "value": {
                          "coordinate": "ridges",
                          "points": [
                            {
                              "location": -1.0,
                              "value": -0.05,
                              "derivative": 0.5
                            },
                            {
                              "location": -0.4,
                              "value": 0.01,
                              "derivative": 0.0
                            },
                            {
                              "location": 0.0,
                              "value": 0.01,
                              "derivative": 0.0
                            },
                            {
                              "location": 0.4,
                              "value": 0.03,
                              "derivative": 0.04
                            },
                            {
                              "location": 1.0,
                              "value": 0.1,
                              "derivative": 0.049
                            }
                          ]
                        },
                        "derivative": 0.0
                      },
                      {
                        "location": 0.0,
                        "value": 0.17,
                        "derivative": 0.0
                      }
                    ]
                  },
                  "derivative": 0.0
                },
                {
                  "location": 0.58,
                  "value": {
                    "coordinate": "ridges",
                    "points": [
                      {
                        "location": -1.0,
                        "value": -0.05,
                        "derivative": 0.5
                      },
                      {
                        "location": -0.4,
                        "value": 0.01,
                        "derivative": 0.0
                      },
                      {
                        "location": 0.0,
                        "value": 0.01,
                        "derivative": 0.0
                      },
                      {
                        "location": 0.4,
                        "value": 0.03,
                        "derivative": 0.04
                      },
                      {
                        "location": 1.0,
                        "value": 0.1,
                        "derivative": 0.049
                      }
                    ]
                  },
                  "derivative": 0.0
                },
                {
                  "location": 0.7,
                  "value": {
                    "coordinate": "ridges",
                    "points": [
                      {
                        "location": -1.0,
                        "value": -0.02,
                        "derivative": 0.015
                      },
                      {
                        "location": -0.4,
                        "value": 0.01,
                        "derivative": 0.0
                      },
                      {
                        "location": 0.0,
                        "value": 0.01,
                        "derivative": 0.0
                      },
                      {
                        "location": 0.4,
                        "value": 0.03,
                        "derivative": 0.04
                      },
                      {
                        "location": 1.0,
                        "value": 0.1,
                        "derivative": 0.049
                      }
                    ]
                  },
                  "derivative": 0.0
                }
              ]
            },
            "derivative": 0.0
          }
        ]
      },
      "factor": {
        "coordinate": "continents",
        "points": [
          {
            "location": -0.19,
            "value": 3.95,
            "derivative": 0.0
          },
          {
            "location": -0.15,
            "value": {
              "coordinate": "erosion",
              "points": [
                {
                  "location": -0.6,
                  "value": {
                    "coordinate": "weirdness",
                    "points": [
                      {
                        "location": -0.2,
                        "value": 6.3,
                        "derivative": 0.0
                      },
                      {
                        "location": 0.2,
                        "value": 6.25,
                        "derivative": 0.0
                      }
                    ]
                  },
                  "derivative": 0.0
                },
                {
                  "location": -0.5,
                  "value": {
                    "coordinate": "weirdness",
                    "points": [
                      {
                        "location": -0.05,
                        "value": 6.3,
                        "derivative": 0.0
                      },
                      {
                        "location": 0.05,
                        "value": 2.67,
                        "derivative": 0.0
                      }
                    ]
                  },
                  "derivative": 0.0
                },
                {
                  "location": -0.35,
                  "value": {
                    "coordinate": "weirdness",
                    "points": [
                      {
                        "location": -0.2,
                        "value": 6.3,
                        "derivative": 0.0
                      },
                      {
                        "location": 0.2,
                        "value": 6.25,
                        "derivative": 0.0
                      }
                    ]
                  },
                  "derivative": 0.0
                },
                {
                  "location": -0.25,
                  "value": {
                    "coordinate": "weirdness",
                    "points": [
                      {
                        "location": -0.2,
                        "value": 6.3,
                        "derivative": 0.0
                      },
                      {
                        "location": 0.2,
                        "value": 6.25,
                        "derivative": 0.0
                      }
                    ]
                  },
                  "derivative": 0.0
                },
                {
                  "location": -0.1,
                  "value": {
                    "coordinate": "weirdness",
                    "points": [
                      {
                        "location": -0.05,
                        "value": 2.67,
                        "derivative": 0.0
                      },
                      {
                        "location": 0.05,
                        "value": 6.3,
                        "derivative": 0.0
                      }
                    ]
                  },
                  "derivative": 0.0
                },
                {
                  "location": 0.03,
                  "value": {
                    "coordinate": "weirdness",
                    "points": [
                      {
                        "location": -0.2,
                        "value": 6.3,
                        "derivative": 0.0
                      },
                      {
                        "location": 0.2,
                        "value": 6.25,
                        "derivative": 0.0
                      }
                    ]
                  },
                  "derivative": 0.0
                },
                {
                  "location": 0.35,
                  "value": 6.25,
                  "derivative": 0.0
                },
                {
                  "location": 0.45,
                  "value": {
                    "coordinate": "ridges",
                    "points": [
                      {
                        "location": -0.9,
                        "value": 6.25,
                        "derivative": 0.0
                      },
                      {
                        "location": -0.69,
                        "value": {
                          "coordinate": "weirdness",
                          "points": [
                            {
                              "location": 0.0,
                              "value": 6.25,
                              "derivative": 0.0
                            },
                            {
                              "location": 0.1,
                              "value": 0.625,
                              "derivative": 0.0
                            }
                          ]
                        },
                        "derivative": 0.0
                      }
                    ]
                  },
                  "derivative": 0.0
                },
                {
                  "location": 0.55,
                  "value": {
                    "coordinate": "ridges",
                    "points": [
                      {
                        "location": -0.9,
                        "value": 6.25,
                        "derivative": 0.0
                      },
                      {
                        "location": -0.69,
                        "value": {
                          "coordinate": "weirdness",
                          "points": [
                            {
                              "location": 0.0,
                              "value": 6.25,
                              "derivative": 0.0
                            },
                            {
                              "location": 0.1,
                              "value": 0.625,
                              "derivative": 0.0
                            }
                          ]
                        },
                        "derivative": 0.0
                      }
                    ]
                  },
                  "derivative": 0.0
                },
                {
                  "location": 0.62,
                  "value": 6.25,
                  "derivative": 0.0
                }
              ]
            },
            "derivative": 0.0
          },
          {
            "location": -0.1,
            "value": {
              "coordinate": "erosion",
              "points": [
                {
                  "location": -0.6,
                  "value": {
                    "coordinate": "weirdness",
                    "points": [
                      {
                        "location": -0.2,
                        "value": 6.3,
                        "derivative": 0.0
                      },
                      {
                        "location": 0.2,
                        "value": 5.47,
                        "derivative": 0.0
                      }
                    ]
                  },
                  "derivative": 0.0
                },
                {
                  "location": -0.5,
                  "value": {
                    "coordinate": "weirdness",
                    "points": [
                      {
                        "location": -0.05,
                        "value": 6.3,
                        "derivative": 0.0
                      },
                      {
                        "location": 0.05,
                        "value": 2.67,
                        "derivative": 0.0
                      }
                    ]
                  },
                  "derivative": 0.0
                },
                {
                  "location": -0.35,
                  "value": {
                    "coordinate": "weirdness",
                    "points": [
                      {
                        "location": -0.2,
                        "value": 6.3,
                        "derivative": 0.0
                      },
                      {
                        "location": 0.2,
                        "value": 5.47,
                        "derivative": 0.0
                      }
                    ]
                  },
                  "derivative": 0.0
                },
                {
                  "location": -0.25,
                  "value": {
                    "coordinate": "weirdness",
                    "points": [
                      {
                        "location": -0.2,
                        "value": 6.3,
                        "derivative": 0.0
                      },
                      {
                        "location": 0.2,
                        "value": 5.47,
                        "derivative": 0.0
                      }
                    ]
                  },
                  "derivative": 0.0
                },
                {
                  "location": -0.1,
                  "value": {
                    "coordinate": "weirdness",
                    "points": [
                      {
                        "location": -0.05,
                        "value": 2.67,
                        "derivative": 0.0
                      },
                      {
                        "location": 0.05,
                        "value": 6.3,
                        "derivative": 0.0
                      }
                    ]
                  },
                  "derivative": 0.0
                },
                {
                  "location": 0.03,
                  "value": {
                    "coordinate": "weirdness",
                    "points": [
                      {
                        "location": -0.2,
                        "value": 6.3,
                        "derivative": 0.0
                      },
                      {
                        "location": 0.2,
                        "value": 5.47,
                        "derivative": 0.0
                      }
                    ]
                  },
                  "derivative": 0.0
                },
                {
                  "location": 0.35,
                  "value": 5.47,
                  "derivative": 0.0
                },
                {
                  "location": 0.45,
                  "value": {
                    "coordinate": "ridges",
                    "points": [
                      {
                        "location": -0.9,
                        "value": 5.47,
                        "derivative": 0.0
                      },
                      {
                        "location": -0.69,
                        "value": {
                          "coordinate": "weirdness",
                          "points": [
                            {
                              "location": 0.0,
                              "value": 5.47,
                              "derivative": 0.0
                            },
                            {
                              "location": 0.1,
                              "value": 0.625,
                              "derivative": 0.0
                            }
                          ]
                        },
                        "derivative": 0.0
                      }
                    ]
                  },
                  "derivative": 0.0
                },
                {
                  "location": 0.55,
                  "value": {
                    "coordinate": "ridges",
                    "points": [
                      {
                        "location": -0.9,
                        "value": 5.47,
                        "derivative": 0.0
                      },
                      {
                        "location": -0.69,
                        "value": {
                          "coordinate": "weirdness",
                          "points": [
                            {
                              "location": 0.0,
                              "value": 5.47,
                              "derivative": 0.0
                            },
                            {
                              "location": 0.1,
                              "value": 0.625,
                              "derivative": 0.0
                            }
                          ]
                        },
                        "derivative": 0.0
                      }
                    ]
                  },
                  "derivative": 0.0
                },
                {
                  "location": 0.62,
                  "value": 5.47,
                  "derivative": 0.0
                }
              ]
            },
            "derivative": 0.0
          },
          {
            "location": 0.03,
            "value": {
              "coordinate": "erosion",
              "points": [
                {
                  "location": -0.6,
                  "value": {
                    "coordinate": "weirdness",
                    "points": [
                      {
                        "location": -0.2,
                        "value": 6.3,
                        "derivative": 0.0
                      },
                      {
                        "location": 0.2,
                        "value": 5.08,
                        "derivative": 0.0
                      }
                    ]
                  },
                  "derivative": 0.0
                },
                {
                  "location": -0.5,
                  "value": {
                    "coordinate": "weirdness",
                    "points": [
                      {
                        "location": -0.05,
                        "value": 6.3,
                        "derivative": 0.0
                      },
                      {
                        "location": 0.05,
                        "value": 2.67,
                        "derivative": 0.0
                      }
                    ]
                  },
                  "derivative": 0.0
                },
                {
                  "location": -0.35,
                  "value": {
                    "coordinate": "weirdness",
                    "points": [
                      {
                        "location": -0.2,
                        "value": 6.3,
                        "derivative": 0.0
                      },
                      {
                        "location": 0.2,
                        "value": 5.08,
                        "derivative": 0.0
                      }
                    ]
                  },
                  "derivative": 0.0
                },
                {
                  "location": -0.25,
                  "value": {
                    "coordinate": "weirdness",
                    "points": [
                      {
                        "location": -0.2,
                        "value": 6.3,
                        "derivative": 0.0
                      },
                      {
                        "location": 0.2,
                        "value": 5.08,
                        "derivative": 0.0
                      }
                    ]
                  },
                  "derivative": 0.0
                },
                {
                  "location": -0.1,
                  "value": {
                    "coordinate": "weirdness",
                    "points": [
                      {
                        "location": -0.05,
                        "value": 2.67,
                        "derivative": 0.0
                      },
                      {
                        "location": 0.05,
                        "value": 6.3,
                        "derivative": 0.0
                      }
                    ]
                  },
                  "derivative": 0.0
                },
                {
                  "location": 0.03,
                  "value": {
                    "coordinate": "weirdness",
                    "points": [
                      {
                        "location": -0.2,
                        "value": 6.3,
                        "derivative": 0.0
                      },
                      {
                        "location": 0.2,
                        "value": 5.08,
                        "derivative": 0.0
                      }
                    ]
                  },
                  "derivative": 0.0
                },
                {
                  "location": 0.35,
                  "value": 5.08,
                  "derivative": 0.0
                },
                {
                  "location": 0.45,
                  "value": {
                    "coordinate": "ridges",
                    "points": [
                      {
                        "location": -0.9,
                        "value": 5.08,
                        "derivative": 0.0
                      },
                      {
                        "location": -0.69,
                        "value": {
                          "coordinate": "weirdness",
                          "points": [
                            {
                              "location": 0.0,
                              "value": 5.08,
                              "derivative": 0.0
                            },
                            {
                              "location": 0.1,
                              "value": 0.625,
                              "derivative": 0.0
                            }
                          ]
                        },
                        "derivative": 0.0
                      }
                    ]
                  },
                  "derivative": 0.0
                },
                {
                  "location": 0.55,
                  "value": {
                    "coordinate": "ridges",
                    "points": [
                      {
                        "location": -0.9,
                        "value": 5.08,
                        "derivative": 0.0
                      },
                      {
                        "location": -0.69,
                        "value": {
                          "coordinate": "weirdness",
                          "points": [
                            {
                              "location": 0.0,
                              "value": 5.08,
                              "derivative": 0.0
                            },
                            {
                              "location": 0.1,
                              "value": 0.625,
                              "derivative": 0.0
                            }
                          ]
                        },
                        "derivative": 0.0
                      }
                    ]
                  },
                  "derivative": 0.0
                },
                {
                  "location": 0.62,
                  "value": 5.08,
                  "derivative": 0.0
                }
              ]
            },
            "derivative": 0.0
          },
          {
            "location": 0.06,
            "value": {
              "coordinate": "erosion",
              "points": [
                {
                  "location": -0.6,
                  "value": {
                    "coordinate": "weirdness",
                    "points": [
                      {
                        "location": -0.2,
                        "value": 6.3,
                        "derivative": 0.0
                      },
                      {
                        "location": 0.2,
                        "value": 4.69,
                        "derivative": 0.0
                      }
                    ]
                  },
                  "derivative": 0.0
                },
                {
                  "location": -0.5,
                  "value": {
                    "coordinate": "weirdness",
                    "points": [
                      {
                        "location": -0.05,
                        "value": 6.3,
                        "derivative": 0.0
                      },
                      {
                        "location": 0.05,
                        "value": 2.67,
                        "derivative": 0.0
                      }
                    ]
                  },
                  "derivative": 0.0
                },
                {
                  "location": -0.35,
                  "value": {
                    "coordinate": "weirdness",
                    "points": [
                      {
                        "location": -0.2,
                        "value": 6.3,
                        "derivative": 0.0
                      },
                      {
                        "location": 0.2,
                        "value": 4.69,
                        "derivative": 0.0
                      }
                    ]
                  },
                  "derivative": 0.0
                },
                {
                  "location": -0.25,
                  "value": {
                    "coordinate": "weirdness",
                    "points": [
                      {
                        "location": -0.2,
                        "value": 6.3,
                        "derivative": 0.0
                      },
                      {
                        "location": 0.2,
                        "value": 4.69,
                        "derivative": 0.0
                      }
                    ]
                  },
                  "derivative": 0.0
                },
                {
                  "location": -0.1,
                  "value": {
                    "coordinate": "weirdness",
                    "points": [
                      {
                        "location": -0.05,
                        "value": 2.67,
                        "derivative": 0.0
                      },
                      {
                        "location": 0.05,
                        "value": 6.3,
                        "derivative": 0.0
                      }
                    ]
                  },
                  "derivative": 0.0
                },
                {
                  "location": 0.03,
                  "value": {
                    "coordinate": "weirdness",
                    "points": [
                      {
                        "location": -0.2,
                        "value": 6.3,
                        "derivative": 0.0
                      },
                      {
                        "location": 0.2,
                        "value": 4.69,
                        "derivative": 0.0
                      }
                    ]
                  },
                  "derivative": 0.0
                },
                {
                  "location": 0.05,
                  "value": {
                    "coordinate": "ridges",
                    "points": [
                      {
                        "location": 0.45,
                        "value": {
                          "coordinate": "weirdness",
                          "points": [
                            {
                              "location": -0.2,
                              "value": 6.3,
                              "derivative": 0.0
                            },
                            {
                              "location": 0.2,
                              "value": 4.69,
                              "derivative": 0.0
                            }
                          ]
                        },
                        "derivative": 0.0
                      },
                      {
                        "location": 0.7,
                        "value": 1.56,
                        "derivative": 0.0
                      }
                    ]
                  },
                  "derivative": 0.0
                },
                {
                  "location": 0.4,
                  "value": {
                    "coordinate": "ridges",
                    "points": [
                      {
                        "location": 0.45,
                        "value": {
                          "coordinate": "weirdness",
                          "points": [
                            {
                              "location": -0.2,
                              "value": 6.3,
                              "derivative": 0.0
                            },
                            {
                              "location": 0.2,
                              "value": 4.69,
                              "derivative": 0.0
                            }
                          ]
                        },
                        "derivative": 0.0
                      },
                      {
                        "location": 0.7,
                        "value": 1.56,
                        "derivative": 0.0
                      }
                    ]
                  },
                  "derivative": 0.0
                },
                {
                  "location": 0.45,
                  "value": {
                    "coordinate": "ridges",
                    "points": [
                      {
                        "location": -0.7,
                        "value": {
                          "coordinate": "weirdness",
                          "points": [
                            {
                              "location": -0.2,
                              "value": 6.3,
                              "derivative": 0.0
                            },
                            {
                              "location": 0.2,
                              "value": 4.69,
                              "derivative": 0.0
                            }
                          ]
                        },
                        "derivative": 0.0
                      },
                      {
                        "location": -0.15,
                        "value": 1.37,
                        "derivative": 0.0
                      }
                    ]
                  },
                  "derivative": 0.0
                },
                {
                  "location": 0.55,
                  "value": {
                    "coordinate": "ridges",
                    "points": [
                      {
                        "location": -0.7,
                        "value": {
                          "coordinate": "weirdness",
                          "points": [
                            {
                              "location": -0.2,
                              "value": 6.3,
                              "derivative": 0.0
                            },
                            {
                              "location": 0.2,
                              "value": 4.69,
                              "derivative": 0.0
                            }
                          ]
                        },
                        "derivative": 0.0
                      },
                      {
                        "location": -0.15,
                        "value": 1.37,
                        "derivative": 0.0
                      }
                    ]
                  },
                  "derivative": 0.0
                },
                {
                  "location": 0.58,
                  "value": 4.69,
                  "derivative": 0.0
                }
              ]
            },
            "derivative": 0.0
          }
        ]
      },
      "jaggedness": {
        "coordinate": "continents",
        "points": [
          {
            "location": -0.11,
            "value": 0.0,
            "derivative": 0.0
          },
          {
            "location": 0.03,
            "value": {
              "coordinate": "erosion",
              "points": [
                {
                  "location": -1.0,
                  "value": {
                    "coordinate": "ridges",
                    "points": [
                      {
                        "location": 0.19999999,
                        "value": 0.0,
                        "derivative": 0.0
                      },
                      {
                        "location": 0.44999996,
                        "value": 0.0,
                        "derivative": 0.0
                      },
                      {
                        "location": 1.0,
                        "value": {
                          "coordinate": "weirdness",
                          "points": [
                            {
                              "location": -0.01,
                              "value": 0.63,
                              "derivative": 0.0
                            },
                            {
                              "location": 0.01,
                              "value": 0.3,
                              "derivative": 0.0
                            }
                          ]
                        },
                        "derivative": 0.0
                      }
                    ]
                  },
                  "derivative": 0.0
                },
                {
                  "location": -0.78,
                  "value": {
                    "coordinate": "ridges",
                    "points": [
                      {
                        "location": 0.19999999,
                        "value": 0.0,
                        "derivative": 0.0
                      },
                      {
                        "location": 0.44999996,
                        "value": 0.0,
                        "derivative": 0.0
                      },
                      {
                        "location": 1.0,
                        "value": {
                          "coordinate": "weirdness",
                          "points": [
                            {
                              "location": -0.01,
                              "value": 0.315,
                              "derivative": 0.0
                            },
                            {
                              "location": 0.01,
                              "value": 0.15,
                              "derivative": 0.0
                            }
                          ]
                        },
                        "derivative": 0.0
                      }
                    ]
                  },
                  "derivative": 0.0
                },
                {
                  "location": -0.5775,
                  "value": {
                    "coordinate": "ridges",
                    "points": [
                      {
                        "location": 0.19999999,
                        "value": 0.0,
                        "derivative": 0.0
                      },
                      {
                        "location": 0.44999996,
                        "value": 0.0,
                        "derivative": 0.0
                      },
                      {
                        "location": 1.0,
                        "value": {
                          "coordinate": "weirdness",
                          "points": [
                            {
                              "location": -0.01,
                              "value": 0.315,
                              "derivative": 0.0
                            },
                            {
                              "location": 0.01,
                              "value": 0.15,
                              "derivative": 0.0
                            }
                          ]
                        },
                        "derivative": 0.0
                      }
                    ]
                  },
                  "derivative": 0.0
                },
                {
                  "location": -0.375,
                  "value": 0.0,
                  "derivative": 0.0
                }
              ]
            },
            "derivative": 0.0
          },
          {
            "location": 0.65,
            "value": {
              "coordinate": "erosion",
              "points": [
                {
                  "location": -1.0,
                  "value": {
                    "coordinate": "ridges",
                    "points": [
                      {
                        "location": 0.19999999,
                        "value": 0.0,
                        "derivative": 0.0
                      },
                      {
                        "location": 0.44999996,
                        "value": {
                          "coordinate": "weirdness",
                          "points": [
                            {
                              "location": -0.01,
                              "value": 0.63,
                              "derivative": 0.0
                            },
                            {
                              "location": 0.01,
                              "value": 0.3,
                              "derivative": 0.0
                            }
                          ]
                        },
                        "derivative": 0.0
                      },
                      {
                        "location": 1.0,
                        "value": {
                          "coordinate": "weirdness",
                          "points": [
                            {
                              "location": -0.01,
                              "value": 0.63,
                              "derivative": 0.0
                            },
                            {
                              "location": 0.01,
                              "value": 0.3,
                              "derivative": 0.0
                            }
                          ]
                        },
                        "derivative": 0.0
                      }
                    ]
                  },
                  "derivative": 0.0
                },
                {
                  "location": -0.78,
                  "value": {
                    "coordinate": "ridges",
                    "points": [
                      {
                        "location": 0.19999999,
                        "value": 0.0,
                        "derivative": 0.0
                      },
                      {
                        "location": 0.44999996,
                        "value": 0.0,
                        "derivative": 0.0
                      },
                      {
                        "location": 1.0,
                        "value": {
                          "coordinate": "weirdness",
                          "points": [
                            {
                              "location": -0.01,
                              "value": 0.63,
                              "derivative": 0.0
                            },
                            {
                              "location": 0.01,
                              "value": 0.3,
                              "derivative": 0.0
                            }
                          ]
                        },
                        "derivative": 0.0
                      }
                    ]
                  },
                  "derivative": 0.0
                },
                {
                  "location": -0.5775,
                  "value": {
                    "coordinate": "ridges",
                    "points": [
                      {
                        "location": 0.19999999,
                        "value": 0.0,
                        "derivative": 0.0
                      },
                      {
                        "location": 0.44999996,
                        "value": 0.0,
                        "derivative": 0.0
                      },
                      {
                        "location": 1.0,
                        "value": {
                          "coordinate": "weirdness",
                          "points": [
                            {
                              "location": -0.01,
                              "value": 0.63,
                              "derivative": 0.0
                            },
                            {
                              "location": 0.01,
                              "value": 0.3,
                              "derivative": 0.0
                            }
                          ]
                        },
                        "derivative": 0.0
                      }
                    ]
                  },
                  "derivative": 0.0
                },
                {
                  "location": -0.375,
                  "value": 0.0,
                  "derivative": 0.0
                }
              ]
            },
            "derivative": 0.0
          }
        ]
      }
    },
    "size_horizontal": 1,
    "size_vertical": 2,
    "sampling": {
      "xz_scale": 1.0,
      "y_scale": 1.0,
      "xz_factor": 80.0,
      "y_factor": 160.0
    },
    "top_slide": {
      "target": -0.078125,
      "size": 2,
      "offset": 8
    },
    "bottom_slide": {
      "target": 0.4,
      "size": 3,
      "offset": 0
    },
    "min_y": -64,
    "height": 384
  }
}