{
  "sea_level": 0,
  "disable_mob_generation": false,
  "aquifers_enabled": false,
  "ore_veins_enabled": false,
  "legacy_random_source": false,
  "default_block": {
    "Name": "minecraft:gold_block"
  },
  "default_fluid": {
    "Name": "minecraft:water",
    "Properties": {
      "level": "15"
    }
  },
  "noise": {
    "min_y": 0,
    "height": 256,
    "size_horizontal": 4,
    "size_vertical": 2
  },
  "noise_router": {
    "barrier": 1,
    "fluid_level_floodedness": 2,
    "fluid_level_spread": 3,
    "lava": 4,
    "temperature": 5,
    "vegetation": 6,
    "continents": 7,
    "erosion": 8,
    "depth": 9,
    "ridges": 10,
    "initial_density_without_jaggedness": 11,
    "final_density": 12,
    "vein_toggle": 13,
    "vein_ridged": 14,
    "vein_gap": 15
  },
  "spawn_target": [],
  "surface_rule": {
    "type": "minecraft:block",
    "result_state": {
      "Name": "minecraft:stone"
    }
  }
}